0,1.430511474609375e-06,9.5367431640625e-07,7.152557373046875e-07
1,7.152557373046875e-07,2.384185791015625e-07,4.76837158203125e-07
2,4.76837158203125e-07,2.384185791015625e-07,2.384185791015625e-07
3,4.76837158203125e-07,4.76837158203125e-07,2.384185791015625e-07
4,7.152557373046875e-07,4.76837158203125e-07,2.384185791015625e-07
5,7.152557373046875e-07,2.384185791015625e-07,4.76837158203125e-07
6,9.5367431640625e-07,2.384185791015625e-07,4.76837158203125e-07
7,7.152557373046875e-07,2.384185791015625e-07,4.76837158203125e-07
8,7.152557373046875e-07,2.384185791015625e-07,4.76837158203125e-07
9,7.152557373046875e-07,2.384185791015625e-07,2.384185791015625e-07
10,9.5367431640625e-07,4.76837158203125e-07,2.384185791015625e-07
11,7.152557373046875e-07,2.384185791015625e-07,2.384185791015625e-07
12,7.152557373046875e-07,2.384185791015625e-07,4.76837158203125e-07
13,7.152557373046875e-07,2.384185791015625e-07,2.384185791015625e-07
14,7.152557373046875e-07,2.384185791015625e-07,2.384185791015625e-07
15,9.5367431640625e-07,2.384185791015625e-07,4.76837158203125e-07
16,9.5367431640625e-07,2.384185791015625e-07,4.76837158203125e-07
17,9.5367431640625e-07,2.384185791015625e-07,2.384185791015625e-07
18,9.5367431640625e-07,4.76837158203125e-07,2.384185791015625e-07
19,9.5367431640625e-07,2.384185791015625e-07,2.384185791015625e-07
20,9.5367431640625e-07,2.384185791015625e-07,4.76837158203125e-07
21,9.5367431640625e-07,2.384185791015625e-07,4.76837158203125e-07
22,9.5367431640625e-07,2.384185791015625e-07,2.384185791015625e-07
23,1.1920928955078125e-06,2.384185791015625e-07,4.76837158203125e-07
24,1.1920928955078125e-06,4.76837158203125e-07,2.384185791015625e-07
25,1.1920928955078125e-06,2.384185791015625e-07,2.384185791015625e-07
26,1.1920928955078125e-06,4.76837158203125e-07,4.76837158203125e-07
27,1.1920928955078125e-06,2.384185791015625e-07,2.384185791015625e-07
28,1.1920928955078125e-06,2.384185791015625e-07,2.384185791015625e-07
29,1.1920928955078125e-06,2.384185791015625e-07,2.384185791015625e-07
30,1.430511474609375e-06,4.76837158203125e-07,2.384185791015625e-07
31,1.1920928955078125e-06,2.384185791015625e-07,2.384185791015625e-07
32,1.430511474609375e-06,4.76837158203125e-07,4.76837158203125e-07
33,1.430511474609375e-06,2.384185791015625e-07,2.384185791015625e-07
34,1.1920928955078125e-06,2.384185791015625e-07,2.384185791015625e-07
35,1.430511474609375e-06,2.384185791015625e-07,4.76837158203125e-07
36,1.430511474609375e-06,4.76837158203125e-07,4.76837158203125e-07
37,1.430511474609375e-06,4.76837158203125e-07,4.76837158203125e-07
38,1.430511474609375e-06,4.76837158203125e-07,4.76837158203125e-07
39,1.430511474609375e-06,2.384185791015625e-07,2.384185791015625e-07
40,1.6689300537109375e-06,2.384185791015625e-07,2.384185791015625e-07
41,1.430511474609375e-06,2.384185791015625e-07,2.384185791015625e-07
42,1.6689300537109375e-06,4.76837158203125e-07,2.384185791015625e-07
43,1.6689300537109375e-06,2.384185791015625e-07,4.76837158203125e-07
44,1.6689300537109375e-06,2.384185791015625e-07,4.76837158203125e-07
45,1.6689300537109375e-06,2.384185791015625e-07,2.384185791015625e-07
46,1.6689300537109375e-06,2.384185791015625e-07,4.76837158203125e-07
47,1.9073486328125e-06,4.76837158203125e-07,2.384185791015625e-07
48,1.9073486328125e-06,2.384185791015625e-07,2.384185791015625e-07
49,1.6689300537109375e-06,2.384185791015625e-07,2.384185791015625e-07
50,1.9073486328125e-06,4.76837158203125e-07,2.384185791015625e-07
51,1.9073486328125e-06,4.76837158203125e-07,4.76837158203125e-07
52,1.9073486328125e-06,2.384185791015625e-07,4.76837158203125e-07
53,1.9073486328125e-06,2.384185791015625e-07,4.76837158203125e-07
54,1.9073486328125e-06,2.384185791015625e-07,2.384185791015625e-07
55,1.9073486328125e-06,2.384185791015625e-07,2.384185791015625e-07
56,1.9073486328125e-06,2.384185791015625e-07,4.76837158203125e-07
57,1.9073486328125e-06,2.384185791015625e-07,2.384185791015625e-07
58,1.9073486328125e-06,2.384185791015625e-07,4.76837158203125e-07
59,1.9073486328125e-06,2.384185791015625e-07,4.76837158203125e-07
60,2.1457672119140625e-06,2.384185791015625e-07,4.76837158203125e-07
61,2.1457672119140625e-06,2.384185791015625e-07,2.384185791015625e-07
62,2.1457672119140625e-06,4.76837158203125e-07,2.384185791015625e-07
63,2.1457672119140625e-06,2.384185791015625e-07,4.76837158203125e-07
64,2.384185791015625e-06,4.76837158203125e-07,2.384185791015625e-07
65,2.1457672119140625e-06,2.384185791015625e-07,2.384185791015625e-07
66,2.1457672119140625e-06,4.76837158203125e-07,4.76837158203125e-07
67,2.1457672119140625e-06,2.384185791015625e-07,4.76837158203125e-07
68,2.384185791015625e-06,2.384185791015625e-07,2.384185791015625e-07
69,2.384185791015625e-06,2.384185791015625e-07,4.76837158203125e-07
70,2.384185791015625e-06,4.76837158203125e-07,4.76837158203125e-07
71,2.384185791015625e-06,2.384185791015625e-07,2.384185791015625e-07
72,2.384185791015625e-06,2.384185791015625e-07,2.384185791015625e-07
73,2.384185791015625e-06,4.76837158203125e-07,4.76837158203125e-07
74,2.6226043701171875e-06,2.384185791015625e-07,4.76837158203125e-07
75,2.6226043701171875e-06,2.384185791015625e-07,2.384185791015625e-07
76,2.384185791015625e-06,2.384185791015625e-07,4.76837158203125e-07
77,2.384185791015625e-06,2.384185791015625e-07,2.384185791015625e-07
78,2.6226043701171875e-06,2.384185791015625e-07,2.384185791015625e-07
79,2.384185791015625e-06,2.384185791015625e-07,4.76837158203125e-07
80,2.6226043701171875e-06,2.384185791015625e-07,2.384185791015625e-07
81,2.384185791015625e-06,2.384185791015625e-07,2.384185791015625e-07
82,2.6226043701171875e-06,4.76837158203125e-07,4.76837158203125e-07
83,2.86102294921875e-06,4.76837158203125e-07,4.76837158203125e-07
84,2.86102294921875e-06,4.76837158203125e-07,4.76837158203125e-07
85,2.6226043701171875e-06,2.384185791015625e-07,2.384185791015625e-07
86,2.86102294921875e-06,4.76837158203125e-07,4.76837158203125e-07
87,2.86102294921875e-06,2.384185791015625e-07,4.76837158203125e-07
88,2.6226043701171875e-06,2.384185791015625e-07,2.384185791015625e-07
89,2.86102294921875e-06,2.384185791015625e-07,2.384185791015625e-07
90,2.86102294921875e-06,2.384185791015625e-07,2.384185791015625e-07
91,2.86102294921875e-06,2.384185791015625e-07,2.384185791015625e-07
92,2.86102294921875e-06,2.384185791015625e-07,2.384185791015625e-07
93,2.86102294921875e-06,2.384185791015625e-07,2.384185791015625e-07
94,2.86102294921875e-06,2.384185791015625e-07,2.384185791015625e-07
95,2.86102294921875e-06,2.384185791015625e-07,2.384185791015625e-07
96,3.0994415283203125e-06,2.384185791015625e-07,2.384185791015625e-07
97,2.86102294921875e-06,2.384185791015625e-07,2.384185791015625e-07
98,3.0994415283203125e-06,4.76837158203125e-07,4.76837158203125e-07
99,3.337860107421875e-06,2.384185791015625e-07,2.384185791015625e-07
100,3.337860107421875e-06,4.76837158203125e-07,2.384185791015625e-07
101,3.0994415283203125e-06,2.384185791015625e-07,2.384185791015625e-07
102,3.0994415283203125e-06,2.384185791015625e-07,2.384185791015625e-07
103,3.0994415283203125e-06,4.76837158203125e-07,4.76837158203125e-07
104,3.337860107421875e-06,4.76837158203125e-07,2.384185791015625e-07
105,3.337860107421875e-06,2.384185791015625e-07,2.384185791015625e-07
106,3.337860107421875e-06,4.76837158203125e-07,4.76837158203125e-07
107,3.814697265625e-06,2.384185791015625e-07,4.76837158203125e-07
108,3.337860107421875e-06,4.76837158203125e-07,4.76837158203125e-07
109,3.0994415283203125e-06,2.384185791015625e-07,2.384185791015625e-07
110,3.337860107421875e-06,4.76837158203125e-07,4.76837158203125e-07
111,3.337860107421875e-06,4.76837158203125e-07,4.76837158203125e-07
112,3.337860107421875e-06,2.384185791015625e-07,4.76837158203125e-07
113,3.337860107421875e-06,4.76837158203125e-07,4.76837158203125e-07
114,3.337860107421875e-06,4.76837158203125e-07,4.76837158203125e-07
115,3.5762786865234375e-06,2.384185791015625e-07,4.76837158203125e-07
116,3.337860107421875e-06,2.384185791015625e-07,2.384185791015625e-07
117,3.337860107421875e-06,4.76837158203125e-07,2.384185791015625e-07
118,3.5762786865234375e-06,2.384185791015625e-07,4.76837158203125e-07
119,4.76837158203125e-06,1.430511474609375e-06,4.76837158203125e-07
120,3.5762786865234375e-06,2.384185791015625e-07,4.76837158203125e-07
121,3.5762786865234375e-06,2.384185791015625e-07,4.76837158203125e-07
122,3.5762786865234375e-06,4.76837158203125e-07,4.76837158203125e-07
123,3.5762786865234375e-06,2.384185791015625e-07,4.76837158203125e-07
124,3.5762786865234375e-06,2.384185791015625e-07,4.76837158203125e-07
125,3.5762786865234375e-06,2.384185791015625e-07,4.76837158203125e-07
126,3.814697265625e-06,4.76837158203125e-07,4.76837158203125e-07
127,3.814697265625e-06,2.384185791015625e-07,4.76837158203125e-07
128,1.33514404296875e-05,2.384185791015625e-07,4.76837158203125e-07
129,3.814697265625e-06,2.384185791015625e-07,4.76837158203125e-07
130,3.814697265625e-06,2.384185791015625e-07,4.76837158203125e-07
131,3.814697265625e-06,2.384185791015625e-07,4.76837158203125e-07
132,4.0531158447265625e-06,4.76837158203125e-07,2.384185791015625e-07
133,4.0531158447265625e-06,2.384185791015625e-07,4.76837158203125e-07
134,4.0531158447265625e-06,2.384185791015625e-07,4.76837158203125e-07
135,4.0531158447265625e-06,2.384185791015625e-07,2.384185791015625e-07
136,3.814697265625e-06,2.384185791015625e-07,2.384185791015625e-07
137,4.0531158447265625e-06,4.76837158203125e-07,4.76837158203125e-07
138,4.0531158447265625e-06,4.76837158203125e-07,4.76837158203125e-07
139,4.0531158447265625e-06,4.76837158203125e-07,4.76837158203125e-07
140,4.0531158447265625e-06,4.76837158203125e-07,4.76837158203125e-07
141,4.0531158447265625e-06,2.384185791015625e-07,2.384185791015625e-07
142,4.291534423828125e-06,2.384185791015625e-07,4.76837158203125e-07
143,4.291534423828125e-06,4.76837158203125e-07,4.76837158203125e-07
144,4.291534423828125e-06,4.76837158203125e-07,2.384185791015625e-07
145,4.291534423828125e-06,2.384185791015625e-07,4.76837158203125e-07
146,4.291534423828125e-06,2.384185791015625e-07,4.76837158203125e-07
147,4.291534423828125e-06,2.384185791015625e-07,2.384185791015625e-07
148,4.291534423828125e-06,2.384185791015625e-07,2.384185791015625e-07
149,4.291534423828125e-06,4.76837158203125e-07,2.384185791015625e-07
150,4.291534423828125e-06,2.384185791015625e-07,4.76837158203125e-07
151,4.5299530029296875e-06,4.76837158203125e-07,2.384185791015625e-07
152,4.291534423828125e-06,2.384185791015625e-07,4.76837158203125e-07
153,4.5299530029296875e-06,2.384185791015625e-07,4.76837158203125e-07
154,4.291534423828125e-06,2.384185791015625e-07,2.384185791015625e-07
155,4.76837158203125e-06,2.384185791015625e-07,2.384185791015625e-07
156,4.5299530029296875e-06,2.384185791015625e-07,2.384185791015625e-07
157,4.5299530029296875e-06,2.384185791015625e-07,4.76837158203125e-07
158,4.5299530029296875e-06,2.384185791015625e-07,4.76837158203125e-07
159,4.5299530029296875e-06,2.384185791015625e-07,2.384185791015625e-07
160,4.76837158203125e-06,2.384185791015625e-07,2.384185791015625e-07
161,4.76837158203125e-06,2.384185791015625e-07,2.384185791015625e-07
162,4.5299530029296875e-06,2.384185791015625e-07,4.76837158203125e-07
163,4.76837158203125e-06,2.384185791015625e-07,2.384185791015625e-07
164,4.76837158203125e-06,4.76837158203125e-07,4.76837158203125e-07
165,4.76837158203125e-06,2.384185791015625e-07,4.76837158203125e-07
166,4.76837158203125e-06,2.384185791015625e-07,2.384185791015625e-07
167,5.0067901611328125e-06,2.384185791015625e-07,4.76837158203125e-07
168,4.76837158203125e-06,2.384185791015625e-07,2.384185791015625e-07
169,4.76837158203125e-06,2.384185791015625e-07,4.76837158203125e-07
170,5.0067901611328125e-06,2.384185791015625e-07,4.76837158203125e-07
171,5.0067901611328125e-06,2.384185791015625e-07,4.76837158203125e-07
172,5.0067901611328125e-06,2.384185791015625e-07,2.384185791015625e-07
173,5.0067901611328125e-06,2.384185791015625e-07,4.76837158203125e-07
174,5.0067901611328125e-06,2.384185791015625e-07,2.384185791015625e-07
175,5.245208740234375e-06,4.76837158203125e-07,4.76837158203125e-07
176,5.245208740234375e-06,2.384185791015625e-07,4.76837158203125e-07
177,5.4836273193359375e-06,2.384185791015625e-07,4.76837158203125e-07
178,5.245208740234375e-06,4.76837158203125e-07,2.384185791015625e-07
179,5.245208740234375e-06,2.384185791015625e-07,2.384185791015625e-07
180,5.245208740234375e-06,4.76837158203125e-07,4.76837158203125e-07
181,5.0067901611328125e-06,2.384185791015625e-07,2.384185791015625e-07
182,5.245208740234375e-06,2.384185791015625e-07,2.384185791015625e-07
183,5.245208740234375e-06,2.384185791015625e-07,4.76837158203125e-07
184,5.245208740234375e-06,4.76837158203125e-07,4.76837158203125e-07
185,5.245208740234375e-06,4.76837158203125e-07,2.384185791015625e-07
186,5.245208740234375e-06,2.384185791015625e-07,4.76837158203125e-07
187,5.245208740234375e-06,2.384185791015625e-07,2.384185791015625e-07
188,5.4836273193359375e-06,4.76837158203125e-07,4.76837158203125e-07
189,5.7220458984375e-06,2.384185791015625e-07,4.76837158203125e-07
190,5.4836273193359375e-06,2.384185791015625e-07,2.384185791015625e-07
191,5.7220458984375e-06,4.76837158203125e-07,4.76837158203125e-07
192,5.4836273193359375e-06,2.384185791015625e-07,2.384185791015625e-07
193,5.7220458984375e-06,2.384185791015625e-07,4.76837158203125e-07
194,5.9604644775390625e-06,2.384185791015625e-07,4.76837158203125e-07
195,6.198883056640625e-06,2.384185791015625e-07,2.384185791015625e-07
196,6.67572021484375e-06,4.76837158203125e-07,4.76837158203125e-07
197,5.4836273193359375e-06,2.384185791015625e-07,4.76837158203125e-07
198,5.7220458984375e-06,4.76837158203125e-07,4.76837158203125e-07
199,5.4836273193359375e-06,4.76837158203125e-07,2.384185791015625e-07
200,5.7220458984375e-06,2.384185791015625e-07,4.76837158203125e-07
201,7.867813110351562e-06,4.76837158203125e-07,4.76837158203125e-07
202,6.198883056640625e-06,4.76837158203125e-07,4.76837158203125e-07
203,5.9604644775390625e-06,2.384185791015625e-07,2.384185791015625e-07
204,5.7220458984375e-06,2.384185791015625e-07,4.76837158203125e-07
205,6.198883056640625e-06,2.384185791015625e-07,1.1920928955078125e-06
206,5.9604644775390625e-06,2.384185791015625e-07,2.384185791015625e-07
207,5.7220458984375e-06,9.5367431640625e-07,2.384185791015625e-07
208,5.9604644775390625e-06,2.384185791015625e-07,4.76837158203125e-07
209,5.9604644775390625e-06,4.76837158203125e-07,4.76837158203125e-07
210,5.9604644775390625e-06,2.384185791015625e-07,4.76837158203125e-07
211,6.198883056640625e-06,2.384185791015625e-07,4.76837158203125e-07
212,6.67572021484375e-06,7.152557373046875e-07,2.384185791015625e-07
213,5.9604644775390625e-06,2.384185791015625e-07,4.76837158203125e-07
214,5.9604644775390625e-06,2.384185791015625e-07,4.76837158203125e-07
215,5.9604644775390625e-06,4.76837158203125e-07,4.76837158203125e-07
216,6.198883056640625e-06,2.384185791015625e-07,4.76837158203125e-07
217,5.245208740234375e-05,2.384185791015625e-07,2.384185791015625e-07
218,2.86102294921875e-06,2.384185791015625e-07,2.384185791015625e-07
219,2.86102294921875e-06,0.0,2.384185791015625e-07
220,2.86102294921875e-06,2.384185791015625e-07,0.0
221,2.86102294921875e-06,2.384185791015625e-07,2.384185791015625e-07
222,2.6226043701171875e-06,0.0,2.384185791015625e-07
223,2.86102294921875e-06,0.0,0.0
224,2.86102294921875e-06,0.0,2.384185791015625e-07
225,2.86102294921875e-06,2.384185791015625e-07,2.384185791015625e-07
226,3.0994415283203125e-06,2.384185791015625e-07,0.0
227,2.86102294921875e-06,0.0,0.0
228,2.86102294921875e-06,2.384185791015625e-07,0.0
229,2.86102294921875e-06,2.384185791015625e-07,0.0
230,3.0994415283203125e-06,0.0,2.384185791015625e-07
231,2.86102294921875e-06,0.0,2.384185791015625e-07
232,2.86102294921875e-06,0.0,2.384185791015625e-07
233,2.86102294921875e-06,0.0,2.384185791015625e-07
234,2.86102294921875e-06,2.384185791015625e-07,2.384185791015625e-07
235,3.0994415283203125e-06,0.0,2.384185791015625e-07
236,2.86102294921875e-06,0.0,2.384185791015625e-07
237,2.86102294921875e-06,2.384185791015625e-07,2.384185791015625e-07
238,3.0994415283203125e-06,2.384185791015625e-07,2.384185791015625e-07
239,3.0994415283203125e-06,2.384185791015625e-07,2.384185791015625e-07
240,3.0994415283203125e-06,0.0,2.384185791015625e-07
241,3.0994415283203125e-06,0.0,0.0
242,3.0994415283203125e-06,2.384185791015625e-07,2.384185791015625e-07
243,3.0994415283203125e-06,2.384185791015625e-07,2.384185791015625e-07
244,3.0994415283203125e-06,2.384185791015625e-07,0.0
245,3.0994415283203125e-06,2.384185791015625e-07,0.0
246,3.0994415283203125e-06,2.384185791015625e-07,2.384185791015625e-07
247,3.0994415283203125e-06,2.384185791015625e-07,0.0
248,3.0994415283203125e-06,2.384185791015625e-07,0.0
249,3.0994415283203125e-06,2.384185791015625e-07,2.384185791015625e-07
250,3.0994415283203125e-06,2.384185791015625e-07,2.384185791015625e-07
251,3.0994415283203125e-06,0.0,2.384185791015625e-07
252,3.0994415283203125e-06,2.384185791015625e-07,2.384185791015625e-07
253,3.0994415283203125e-06,2.384185791015625e-07,2.384185791015625e-07
254,3.0994415283203125e-06,0.0,2.384185791015625e-07
255,3.337860107421875e-06,2.384185791015625e-07,2.384185791015625e-07
256,3.337860107421875e-06,0.0,2.384185791015625e-07
257,3.5762786865234375e-06,2.384185791015625e-07,2.384185791015625e-07
258,3.337860107421875e-06,4.76837158203125e-07,2.384185791015625e-07
259,3.337860107421875e-06,0.0,0.0
260,3.0994415283203125e-06,0.0,2.384185791015625e-07
261,3.337860107421875e-06,2.384185791015625e-07,2.384185791015625e-07
262,3.337860107421875e-06,2.384185791015625e-07,0.0
263,3.337860107421875e-06,0.0,2.384185791015625e-07
264,3.337860107421875e-06,0.0,2.384185791015625e-07
265,3.337860107421875e-06,2.384185791015625e-07,2.384185791015625e-07
266,3.337860107421875e-06,2.384185791015625e-07,0.0
267,3.337860107421875e-06,2.384185791015625e-07,2.384185791015625e-07
268,3.337860107421875e-06,2.384185791015625e-07,2.384185791015625e-07
269,3.337860107421875e-06,2.384185791015625e-07,2.384185791015625e-07
270,3.337860107421875e-06,2.384185791015625e-07,2.384185791015625e-07
271,3.337860107421875e-06,2.384185791015625e-07,2.384185791015625e-07
272,3.337860107421875e-06,2.384185791015625e-07,2.384185791015625e-07
273,3.5762786865234375e-06,2.384185791015625e-07,0.0
274,3.5762786865234375e-06,2.384185791015625e-07,2.384185791015625e-07
275,3.5762786865234375e-06,0.0,2.384185791015625e-07
276,3.5762786865234375e-06,0.0,0.0
277,3.5762786865234375e-06,2.384185791015625e-07,0.0
278,3.5762786865234375e-06,2.384185791015625e-07,2.384185791015625e-07
279,3.5762786865234375e-06,2.384185791015625e-07,2.384185791015625e-07
280,3.337860107421875e-06,0.0,2.384185791015625e-07
281,3.5762786865234375e-06,2.384185791015625e-07,0.0
282,3.5762786865234375e-06,2.384185791015625e-07,2.384185791015625e-07
283,3.5762786865234375e-06,2.384185791015625e-07,2.384185791015625e-07
284,3.5762786865234375e-06,2.384185791015625e-07,0.0
285,3.5762786865234375e-06,2.384185791015625e-07,2.384185791015625e-07
286,3.5762786865234375e-06,2.384185791015625e-07,2.384185791015625e-07
287,3.5762786865234375e-06,0.0,2.384185791015625e-07
288,3.5762786865234375e-06,2.384185791015625e-07,2.384185791015625e-07
289,3.5762786865234375e-06,0.0,2.384185791015625e-07
290,3.5762786865234375e-06,0.0,2.384185791015625e-07
291,3.814697265625e-06,2.384185791015625e-07,0.0
292,3.814697265625e-06,2.384185791015625e-07,0.0
293,3.814697265625e-06,2.384185791015625e-07,0.0
294,3.814697265625e-06,2.384185791015625e-07,0.0
295,3.814697265625e-06,2.384185791015625e-07,2.384185791015625e-07
296,3.814697265625e-06,0.0,2.384185791015625e-07
297,3.814697265625e-06,2.384185791015625e-07,2.384185791015625e-07
298,3.5762786865234375e-06,0.0,2.384185791015625e-07
299,3.5762786865234375e-06,0.0,2.384185791015625e-07
300,3.814697265625e-06,2.384185791015625e-07,0.0
301,3.814697265625e-06,0.0,2.384185791015625e-07
302,3.814697265625e-06,2.384185791015625e-07,2.384185791015625e-07
303,3.814697265625e-06,2.384185791015625e-07,2.384185791015625e-07
304,3.814697265625e-06,0.0,2.384185791015625e-07
305,3.814697265625e-06,0.0,2.384185791015625e-07
306,3.814697265625e-06,2.384185791015625e-07,0.0
307,3.814697265625e-06,2.384185791015625e-07,0.0
308,3.814697265625e-06,2.384185791015625e-07,2.384185791015625e-07
309,3.814697265625e-06,2.384185791015625e-07,0.0
310,4.0531158447265625e-06,2.384185791015625e-07,0.0
311,3.814697265625e-06,0.0,2.384185791015625e-07
312,3.814697265625e-06,2.384185791015625e-07,2.384185791015625e-07
313,3.814697265625e-06,2.384185791015625e-07,2.384185791015625e-07
314,4.0531158447265625e-06,0.0,2.384185791015625e-07
315,3.814697265625e-06,0.0,2.384185791015625e-07
316,4.0531158447265625e-06,2.384185791015625e-07,2.384185791015625e-07
317,3.814697265625e-06,0.0,2.384185791015625e-07
318,4.0531158447265625e-06,0.0,0.0
319,4.0531158447265625e-06,2.384185791015625e-07,2.384185791015625e-07
320,4.0531158447265625e-06,2.384185791015625e-07,0.0
321,4.0531158447265625e-06,2.384185791015625e-07,0.0
322,4.0531158447265625e-06,2.384185791015625e-07,2.384185791015625e-07
323,1.049041748046875e-05,2.384185791015625e-07,2.384185791015625e-07
324,3.814697265625e-06,0.0,0.0
325,4.0531158447265625e-06,0.0,2.384185791015625e-07
326,4.0531158447265625e-06,0.0,2.384185791015625e-07
327,4.0531158447265625e-06,2.384185791015625e-07,2.384185791015625e-07
328,4.291534423828125e-06,0.0,2.384185791015625e-07
329,4.291534423828125e-06,2.384185791015625e-07,0.0
330,4.0531158447265625e-06,2.384185791015625e-07,2.384185791015625e-07
331,4.0531158447265625e-06,2.384185791015625e-07,0.0
332,4.0531158447265625e-06,2.384185791015625e-07,2.384185791015625e-07
333,4.0531158447265625e-06,0.0,2.384185791015625e-07
334,4.0531158447265625e-06,2.384185791015625e-07,2.384185791015625e-07
335,4.291534423828125e-06,2.384185791015625e-07,2.384185791015625e-07
336,4.0531158447265625e-06,2.384185791015625e-07,2.384185791015625e-07
337,4.0531158447265625e-06,0.0,2.384185791015625e-07
338,4.291534423828125e-06,2.384185791015625e-07,0.0
339,4.291534423828125e-06,0.0,2.384185791015625e-07
340,4.291534423828125e-06,2.384185791015625e-07,2.384185791015625e-07
341,4.291534423828125e-06,0.0,2.384185791015625e-07
342,4.291534423828125e-06,2.384185791015625e-07,0.0
343,4.291534423828125e-06,0.0,0.0
344,4.291534423828125e-06,0.0,2.384185791015625e-07
345,4.291534423828125e-06,0.0,2.384185791015625e-07
346,4.291534423828125e-06,2.384185791015625e-07,2.384185791015625e-07
347,4.291534423828125e-06,0.0,2.384185791015625e-07
348,4.291534423828125e-06,0.0,2.384185791015625e-07
349,4.291534423828125e-06,2.384185791015625e-07,0.0
350,4.291534423828125e-06,2.384185791015625e-07,2.384185791015625e-07
351,4.291534423828125e-06,2.384185791015625e-07,0.0
352,4.291534423828125e-06,2.384185791015625e-07,2.384185791015625e-07
353,4.291534423828125e-06,0.0,2.384185791015625e-07
354,4.291534423828125e-06,2.384185791015625e-07,2.384185791015625e-07
355,4.291534423828125e-06,2.384185791015625e-07,2.384185791015625e-07
356,4.5299530029296875e-06,2.384185791015625e-07,2.384185791015625e-07
357,4.5299530029296875e-06,2.384185791015625e-07,0.0
358,4.5299530029296875e-06,2.384185791015625e-07,2.384185791015625e-07
359,4.291534423828125e-06,0.0,2.384185791015625e-07
360,4.5299530029296875e-06,2.384185791015625e-07,0.0
361,4.5299530029296875e-06,2.384185791015625e-07,2.384185791015625e-07
362,4.5299530029296875e-06,2.384185791015625e-07,0.0
363,4.5299530029296875e-06,2.384185791015625e-07,2.384185791015625e-07
364,4.291534423828125e-06,0.0,2.384185791015625e-07
365,4.76837158203125e-06,2.384185791015625e-07,0.0
366,4.5299530029296875e-06,2.384185791015625e-07,0.0
367,4.5299530029296875e-06,0.0,2.384185791015625e-07
368,4.5299530029296875e-06,0.0,2.384185791015625e-07
369,4.5299530029296875e-06,2.384185791015625e-07,2.384185791015625e-07
370,4.76837158203125e-06,2.384185791015625e-07,0.0
371,4.5299530029296875e-06,0.0,2.384185791015625e-07
372,4.5299530029296875e-06,2.384185791015625e-07,2.384185791015625e-07
373,4.76837158203125e-06,2.384185791015625e-07,0.0
374,4.5299530029296875e-06,0.0,2.384185791015625e-07
375,4.76837158203125e-06,2.384185791015625e-07,2.384185791015625e-07
376,4.76837158203125e-06,2.384185791015625e-07,2.384185791015625e-07
377,4.76837158203125e-06,2.384185791015625e-07,0.0
378,4.76837158203125e-06,2.384185791015625e-07,2.384185791015625e-07
379,5.0067901611328125e-06,2.384185791015625e-07,2.384185791015625e-07
380,4.76837158203125e-06,2.384185791015625e-07,0.0
381,4.76837158203125e-06,2.384185791015625e-07,2.384185791015625e-07
382,4.76837158203125e-06,0.0,2.384185791015625e-07
383,4.76837158203125e-06,2.384185791015625e-07,0.0
384,4.76837158203125e-06,0.0,0.0
385,4.76837158203125e-06,0.0,2.384185791015625e-07
386,4.76837158203125e-06,2.384185791015625e-07,2.384185791015625e-07
387,4.76837158203125e-06,2.384185791015625e-07,0.0
388,4.76837158203125e-06,0.0,0.0
389,4.76837158203125e-06,2.384185791015625e-07,2.384185791015625e-07
390,4.76837158203125e-06,0.0,2.384185791015625e-07
391,4.76837158203125e-06,2.384185791015625e-07,2.384185791015625e-07
392,4.76837158203125e-06,2.384185791015625e-07,2.384185791015625e-07
393,4.76837158203125e-06,2.384185791015625e-07,2.384185791015625e-07
394,4.76837158203125e-06,2.384185791015625e-07,2.384185791015625e-07
395,4.76837158203125e-06,0.0,2.384185791015625e-07
396,5.0067901611328125e-06,2.384185791015625e-07,0.0
397,5.0067901611328125e-06,2.384185791015625e-07,0.0
398,4.76837158203125e-06,0.0,2.384185791015625e-07
399,4.76837158203125e-06,0.0,2.384185791015625e-07
400,5.0067901611328125e-06,2.384185791015625e-07,0.0
401,5.0067901611328125e-06,2.384185791015625e-07,0.0
402,5.0067901611328125e-06,0.0,2.384185791015625e-07
403,5.0067901611328125e-06,0.0,2.384185791015625e-07
404,5.0067901611328125e-06,2.384185791015625e-07,2.384185791015625e-07
405,5.0067901611328125e-06,2.384185791015625e-07,0.0
406,4.76837158203125e-06,2.384185791015625e-07,0.0
407,5.0067901611328125e-06,0.0,2.384185791015625e-07
408,5.0067901611328125e-06,0.0,2.384185791015625e-07
409,5.0067901611328125e-06,2.384185791015625e-07,2.384185791015625e-07
410,5.245208740234375e-06,2.384185791015625e-07,2.384185791015625e-07
411,5.0067901611328125e-06,2.384185791015625e-07,2.384185791015625e-07
412,5.245208740234375e-06,0.0,2.384185791015625e-07
413,5.245208740234375e-06,2.384185791015625e-07,2.384185791015625e-07
414,5.0067901611328125e-06,2.384185791015625e-07,2.384185791015625e-07
415,5.0067901611328125e-06,0.0,0.0
416,5.245208740234375e-06,2.384185791015625e-07,2.384185791015625e-07
417,5.245208740234375e-06,2.384185791015625e-07,2.384185791015625e-07
418,5.245208740234375e-06,2.384185791015625e-07,2.384185791015625e-07
419,5.245208740234375e-06,0.0,0.0
420,5.245208740234375e-06,2.384185791015625e-07,2.384185791015625e-07
421,5.0067901611328125e-06,0.0,2.384185791015625e-07
422,5.245208740234375e-06,2.384185791015625e-07,2.384185791015625e-07
423,5.245208740234375e-06,2.384185791015625e-07,2.384185791015625e-07
424,5.245208740234375e-06,2.384185791015625e-07,2.384185791015625e-07
425,5.245208740234375e-06,2.384185791015625e-07,2.384185791015625e-07
426,5.245208740234375e-06,2.384185791015625e-07,2.384185791015625e-07
427,5.245208740234375e-06,0.0,2.384185791015625e-07
428,5.245208740234375e-06,2.384185791015625e-07,0.0
429,5.245208740234375e-06,2.384185791015625e-07,2.384185791015625e-07
430,5.245208740234375e-06,2.384185791015625e-07,2.384185791015625e-07
431,5.4836273193359375e-06,2.384185791015625e-07,0.0
432,5.245208740234375e-06,0.0,2.384185791015625e-07
433,5.245208740234375e-06,0.0,2.384185791015625e-07
434,5.245208740234375e-06,0.0,2.384185791015625e-07
435,5.245208740234375e-06,2.384185791015625e-07,2.384185791015625e-07
436,5.4836273193359375e-06,2.384185791015625e-07,0.0
437,5.4836273193359375e-06,2.384185791015625e-07,0.0
438,5.4836273193359375e-06,2.384185791015625e-07,0.0
439,5.4836273193359375e-06,0.0,0.0
440,5.4836273193359375e-06,0.0,0.0
441,5.4836273193359375e-06,2.384185791015625e-07,0.0
442,5.245208740234375e-06,0.0,0.0
443,5.4836273193359375e-06,0.0,2.384185791015625e-07
444,5.4836273193359375e-06,2.384185791015625e-07,2.384185791015625e-07
445,5.4836273193359375e-06,2.384185791015625e-07,2.384185791015625e-07
446,5.4836273193359375e-06,2.384185791015625e-07,0.0
447,5.4836273193359375e-06,4.76837158203125e-07,2.384185791015625e-07
448,5.4836273193359375e-06,2.384185791015625e-07,0.0
449,5.4836273193359375e-06,0.0,2.384185791015625e-07
450,5.4836273193359375e-06,2.384185791015625e-07,2.384185791015625e-07
451,5.4836273193359375e-06,2.384185791015625e-07,2.384185791015625e-07
452,5.7220458984375e-06,2.384185791015625e-07,2.384185791015625e-07
453,5.4836273193359375e-06,2.384185791015625e-07,2.384185791015625e-07
454,1.4066696166992188e-05,2.384185791015625e-07,2.384185791015625e-07
455,5.245208740234375e-06,2.384185791015625e-07,2.384185791015625e-07
456,1.3828277587890625e-05,2.384185791015625e-07,0.0
457,5.0067901611328125e-06,0.0,2.384185791015625e-07
458,5.245208740234375e-06,2.384185791015625e-07,0.0
459,5.245208740234375e-06,2.384185791015625e-07,0.0
460,5.245208740234375e-06,2.384185791015625e-07,0.0
461,5.245208740234375e-06,2.384185791015625e-07,0.0
462,5.245208740234375e-06,2.384185791015625e-07,0.0
463,5.245208740234375e-06,2.384185791015625e-07,0.0
464,5.245208740234375e-06,2.384185791015625e-07,0.0
465,5.245208740234375e-06,2.384185791015625e-07,2.384185791015625e-07
466,5.245208740234375e-06,4.76837158203125e-07,0.0
467,5.245208740234375e-06,0.0,2.384185791015625e-07
468,5.245208740234375e-06,0.0,2.384185791015625e-07
469,5.245208740234375e-06,2.384185791015625e-07,0.0
470,5.245208740234375e-06,2.384185791015625e-07,0.0
471,5.245208740234375e-06,2.384185791015625e-07,2.384185791015625e-07
472,5.245208740234375e-06,2.384185791015625e-07,0.0
473,5.245208740234375e-06,2.384185791015625e-07,2.384185791015625e-07
474,5.245208740234375e-06,0.0,2.384185791015625e-07
475,5.245208740234375e-06,2.384185791015625e-07,0.0
476,5.4836273193359375e-06,0.0,2.384185791015625e-07
477,5.4836273193359375e-06,0.0,2.384185791015625e-07
478,5.4836273193359375e-06,2.384185791015625e-07,0.0
479,5.245208740234375e-06,0.0,0.0
480,5.245208740234375e-06,2.384185791015625e-07,2.384185791015625e-07
481,5.4836273193359375e-06,2.384185791015625e-07,0.0
482,5.4836273193359375e-06,2.384185791015625e-07,0.0
483,5.245208740234375e-06,0.0,2.384185791015625e-07
484,5.4836273193359375e-06,0.0,2.384185791015625e-07
485,5.4836273193359375e-06,0.0,2.384185791015625e-07
486,5.4836273193359375e-06,2.384185791015625e-07,0.0
487,5.4836273193359375e-06,0.0,2.384185791015625e-07
488,5.4836273193359375e-06,0.0,2.384185791015625e-07
489,5.4836273193359375e-06,2.384185791015625e-07,0.0
490,5.4836273193359375e-06,2.384185791015625e-07,2.384185791015625e-07
491,5.4836273193359375e-06,0.0,2.384185791015625e-07
492,5.4836273193359375e-06,2.384185791015625e-07,0.0
493,5.4836273193359375e-06,0.0,2.384185791015625e-07
494,5.4836273193359375e-06,2.384185791015625e-07,2.384185791015625e-07
495,5.7220458984375e-06,2.384185791015625e-07,0.0
496,5.7220458984375e-06,0.0,2.384185791015625e-07
497,5.4836273193359375e-06,2.384185791015625e-07,0.0
498,5.7220458984375e-06,2.384185791015625e-07,0.0
499,5.4836273193359375e-06,0.0,2.384185791015625e-07
500,5.4836273193359375e-06,2.384185791015625e-07,2.384185791015625e-07
501,5.7220458984375e-06,2.384185791015625e-07,0.0
502,5.4836273193359375e-06,0.0,2.384185791015625e-07
503,5.7220458984375e-06,0.0,2.384185791015625e-07
504,5.7220458984375e-06,0.0,2.384185791015625e-07
505,5.7220458984375e-06,0.0,2.384185791015625e-07
506,5.7220458984375e-06,0.0,2.384185791015625e-07
507,5.7220458984375e-06,0.0,2.384185791015625e-07
508,5.7220458984375e-06,0.0,2.384185791015625e-07
509,5.7220458984375e-06,2.384185791015625e-07,0.0
510,5.7220458984375e-06,2.384185791015625e-07,0.0
511,5.7220458984375e-06,2.384185791015625e-07,2.384185791015625e-07
512,5.7220458984375e-06,0.0,2.384185791015625e-07
513,5.7220458984375e-06,0.0,2.384185791015625e-07
514,5.9604644775390625e-06,0.0,2.384185791015625e-07
515,5.9604644775390625e-06,2.384185791015625e-07,0.0
516,5.9604644775390625e-06,2.384185791015625e-07,0.0
517,5.7220458984375e-06,2.384185791015625e-07,2.384185791015625e-07
518,5.7220458984375e-06,2.384185791015625e-07,0.0
519,5.7220458984375e-06,2.384185791015625e-07,2.384185791015625e-07
520,5.9604644775390625e-06,2.384185791015625e-07,0.0
521,5.9604644775390625e-06,0.0,2.384185791015625e-07
522,5.9604644775390625e-06,2.384185791015625e-07,2.384185791015625e-07
523,5.9604644775390625e-06,2.384185791015625e-07,0.0
524,6.198883056640625e-06,0.0,0.0
525,5.9604644775390625e-06,0.0,2.384185791015625e-07
526,6.198883056640625e-06,0.0,2.384185791015625e-07
527,5.9604644775390625e-06,2.384185791015625e-07,0.0
528,6.198883056640625e-06,2.384185791015625e-07,0.0
529,6.198883056640625e-06,2.384185791015625e-07,0.0
530,5.9604644775390625e-06,0.0,2.384185791015625e-07
531,5.9604644775390625e-06,2.384185791015625e-07,0.0
532,5.9604644775390625e-06,2.384185791015625e-07,0.0
533,1.5974044799804688e-05,2.384185791015625e-07,2.384185791015625e-07
534,6.198883056640625e-06,2.384185791015625e-07,2.384185791015625e-07
535,6.198883056640625e-06,2.384185791015625e-07,2.384185791015625e-07
536,6.198883056640625e-06,2.384185791015625e-07,0.0
537,5.9604644775390625e-06,0.0,2.384185791015625e-07
538,6.198883056640625e-06,2.384185791015625e-07,0.0
539,6.198883056640625e-06,2.384185791015625e-07,0.0
540,6.198883056640625e-06,2.384185791015625e-07,0.0
541,6.198883056640625e-06,2.384185791015625e-07,0.0
542,6.198883056640625e-06,2.384185791015625e-07,0.0
543,6.198883056640625e-06,2.384185791015625e-07,2.384185791015625e-07
544,6.198883056640625e-06,0.0,2.384185791015625e-07
545,6.4373016357421875e-06,2.384185791015625e-07,2.384185791015625e-07
546,6.198883056640625e-06,2.384185791015625e-07,0.0
547,6.4373016357421875e-06,0.0,0.0
548,6.4373016357421875e-06,0.0,2.384185791015625e-07
549,6.198883056640625e-06,2.384185791015625e-07,2.384185791015625e-07
550,6.198883056640625e-06,2.384185791015625e-07,2.384185791015625e-07
551,6.198883056640625e-06,0.0,2.384185791015625e-07
552,6.4373016357421875e-06,2.384185791015625e-07,0.0
553,6.67572021484375e-06,0.0,2.384185791015625e-07
554,6.4373016357421875e-06,2.384185791015625e-07,0.0
555,6.4373016357421875e-06,2.384185791015625e-07,0.0
556,6.4373016357421875e-06,2.384185791015625e-07,2.384185791015625e-07
557,6.4373016357421875e-06,2.384185791015625e-07,0.0
558,6.4373016357421875e-06,2.384185791015625e-07,0.0
559,6.4373016357421875e-06,2.384185791015625e-07,2.384185791015625e-07
560,6.4373016357421875e-06,0.0,2.384185791015625e-07
561,6.4373016357421875e-06,2.384185791015625e-07,2.384185791015625e-07
562,6.4373016357421875e-06,0.0,2.384185791015625e-07
563,6.4373016357421875e-06,2.384185791015625e-07,0.0
564,6.67572021484375e-06,0.0,2.384185791015625e-07
565,6.67572021484375e-06,2.384185791015625e-07,0.0
566,6.4373016357421875e-06,2.384185791015625e-07,2.384185791015625e-07
567,6.4373016357421875e-06,2.384185791015625e-07,0.0
568,6.4373016357421875e-06,2.384185791015625e-07,2.384185791015625e-07
569,6.67572021484375e-06,2.384185791015625e-07,0.0
570,6.4373016357421875e-06,2.384185791015625e-07,2.384185791015625e-07
571,6.4373016357421875e-06,0.0,2.384185791015625e-07
572,6.4373016357421875e-06,2.384185791015625e-07,2.384185791015625e-07
573,6.67572021484375e-06,2.384185791015625e-07,0.0
574,6.67572021484375e-06,2.384185791015625e-07,2.384185791015625e-07
575,6.4373016357421875e-06,2.384185791015625e-07,0.0
576,6.67572021484375e-06,2.384185791015625e-07,2.384185791015625e-07
577,6.67572021484375e-06,0.0,0.0
578,6.67572021484375e-06,0.0,2.384185791015625e-07
579,6.4373016357421875e-06,0.0,2.384185791015625e-07
580,6.67572021484375e-06,2.384185791015625e-07,2.384185791015625e-07
581,6.67572021484375e-06,2.384185791015625e-07,0.0
582,6.67572021484375e-06,2.384185791015625e-07,0.0
583,6.67572021484375e-06,0.0,2.384185791015625e-07
584,6.67572021484375e-06,2.384185791015625e-07,2.384185791015625e-07
585,6.9141387939453125e-06,2.384185791015625e-07,0.0
586,6.67572021484375e-06,2.384185791015625e-07,2.384185791015625e-07
587,6.67572021484375e-06,2.384185791015625e-07,2.384185791015625e-07
588,6.67572021484375e-06,0.0,2.384185791015625e-07
589,6.67572021484375e-06,2.384185791015625e-07,2.384185791015625e-07
590,6.67572021484375e-06,0.0,2.384185791015625e-07
591,6.67572021484375e-06,2.384185791015625e-07,2.384185791015625e-07
592,6.9141387939453125e-06,2.384185791015625e-07,0.0
593,6.67572021484375e-06,0.0,2.384185791015625e-07
594,6.67572021484375e-06,0.0,2.384185791015625e-07
595,6.67572021484375e-06,2.384185791015625e-07,0.0
596,6.67572021484375e-06,2.384185791015625e-07,0.0
597,6.67572021484375e-06,2.384185791015625e-07,0.0
598,6.67572021484375e-06,2.384185791015625e-07,2.384185791015625e-07
599,6.4373016357421875e-06,2.384185791015625e-07,2.384185791015625e-07
600,6.67572021484375e-06,0.0,2.384185791015625e-07
601,6.4373016357421875e-06,2.384185791015625e-07,0.0
602,6.67572021484375e-06,2.384185791015625e-07,0.0
603,6.67572021484375e-06,2.384185791015625e-07,2.384185791015625e-07
604,6.67572021484375e-06,2.384185791015625e-07,0.0
605,6.67572021484375e-06,0.0,2.384185791015625e-07
606,6.67572021484375e-06,2.384185791015625e-07,0.0
607,6.67572021484375e-06,2.384185791015625e-07,0.0
608,6.67572021484375e-06,0.0,2.384185791015625e-07
609,6.67572021484375e-06,2.384185791015625e-07,0.0
610,6.67572021484375e-06,2.384185791015625e-07,0.0
611,6.67572021484375e-06,2.384185791015625e-07,0.0
612,6.67572021484375e-06,2.384185791015625e-07,0.0
613,6.67572021484375e-06,2.384185791015625e-07,0.0
614,6.67572021484375e-06,0.0,2.384185791015625e-07
615,6.67572021484375e-06,0.0,2.384185791015625e-07
616,6.67572021484375e-06,0.0,2.384185791015625e-07
617,6.67572021484375e-06,0.0,2.384185791015625e-07
618,6.67572021484375e-06,2.384185791015625e-07,2.384185791015625e-07
619,6.67572021484375e-06,2.384185791015625e-07,0.0
620,6.67572021484375e-06,2.384185791015625e-07,2.384185791015625e-07
621,6.67572021484375e-06,2.384185791015625e-07,0.0
622,6.67572021484375e-06,0.0,2.384185791015625e-07
623,6.9141387939453125e-06,2.384185791015625e-07,2.384185791015625e-07
624,6.9141387939453125e-06,0.0,2.384185791015625e-07
625,6.67572021484375e-06,2.384185791015625e-07,0.0
626,6.9141387939453125e-06,0.0,2.384185791015625e-07
627,6.9141387939453125e-06,2.384185791015625e-07,0.0
628,6.9141387939453125e-06,2.384185791015625e-07,0.0
629,6.67572021484375e-06,2.384185791015625e-07,2.384185791015625e-07
630,6.67572021484375e-06,0.0,2.384185791015625e-07
631,6.67572021484375e-06,0.0,2.384185791015625e-07
632,6.9141387939453125e-06,0.0,2.384185791015625e-07
633,6.9141387939453125e-06,2.384185791015625e-07,0.0
634,6.67572021484375e-06,0.0,2.384185791015625e-07
635,6.9141387939453125e-06,2.384185791015625e-07,0.0
636,6.9141387939453125e-06,2.384185791015625e-07,2.384185791015625e-07
637,7.152557373046875e-06,0.0,2.384185791015625e-07
638,6.9141387939453125e-06,2.384185791015625e-07,0.0
639,6.9141387939453125e-06,2.384185791015625e-07,0.0
640,6.9141387939453125e-06,0.0,2.384185791015625e-07
641,6.9141387939453125e-06,0.0,2.384185791015625e-07
642,1.6927719116210938e-05,0.0,2.384185791015625e-07
643,7.152557373046875e-06,2.384185791015625e-07,2.384185791015625e-07
644,7.152557373046875e-06,0.0,2.384185791015625e-07
645,7.152557373046875e-06,2.384185791015625e-07,0.0
646,7.152557373046875e-06,2.384185791015625e-07,0.0
647,7.3909759521484375e-06,0.0,2.384185791015625e-07
648,1.5974044799804688e-05,2.384185791015625e-07,0.0
649,7.152557373046875e-06,2.384185791015625e-07,2.384185791015625e-07
650,7.3909759521484375e-06,2.384185791015625e-07,0.0
651,7.152557373046875e-06,2.384185791015625e-07,0.0
652,7.152557373046875e-06,2.384185791015625e-07,2.384185791015625e-07
653,7.152557373046875e-06,0.0,2.384185791015625e-07
654,7.152557373046875e-06,0.0,2.384185791015625e-07
655,7.152557373046875e-06,2.384185791015625e-07,0.0
656,7.3909759521484375e-06,0.0,2.384185791015625e-07
657,7.3909759521484375e-06,2.384185791015625e-07,0.0
658,7.152557373046875e-06,0.0,2.384185791015625e-07
659,7.62939453125e-06,2.384185791015625e-07,2.384185791015625e-07
660,1.5974044799804688e-05,2.384185791015625e-07,0.0
661,7.152557373046875e-06,0.0,2.384185791015625e-07
662,7.3909759521484375e-06,2.384185791015625e-07,2.384185791015625e-07
663,7.3909759521484375e-06,0.0,2.384185791015625e-07
664,7.3909759521484375e-06,2.384185791015625e-07,0.0
665,7.3909759521484375e-06,0.0,2.384185791015625e-07
666,7.3909759521484375e-06,0.0,2.384185791015625e-07
667,7.3909759521484375e-06,0.0,2.384185791015625e-07
668,7.3909759521484375e-06,2.384185791015625e-07,2.384185791015625e-07
669,7.3909759521484375e-06,2.384185791015625e-07,0.0
670,7.3909759521484375e-06,0.0,2.384185791015625e-07
671,7.3909759521484375e-06,0.0,0.0
672,7.3909759521484375e-06,2.384185791015625e-07,2.384185791015625e-07
673,7.62939453125e-06,0.0,9.5367431640625e-06
674,7.152557373046875e-06,2.384185791015625e-07,2.384185791015625e-07
675,7.3909759521484375e-06,2.384185791015625e-07,0.0
676,7.152557373046875e-06,0.0,2.384185791015625e-07
677,7.3909759521484375e-06,0.0,2.384185791015625e-07
678,7.3909759521484375e-06,2.384185791015625e-07,0.0
679,7.3909759521484375e-06,2.384185791015625e-07,0.0
680,7.3909759521484375e-06,2.384185791015625e-07,0.0
681,7.3909759521484375e-06,0.0,2.384185791015625e-07
682,7.3909759521484375e-06,0.0,2.384185791015625e-07
683,7.3909759521484375e-06,0.0,2.384185791015625e-07
684,7.3909759521484375e-06,2.384185791015625e-07,0.0
685,7.62939453125e-06,0.0,2.384185791015625e-07
686,7.3909759521484375e-06,2.384185791015625e-07,0.0
687,7.3909759521484375e-06,2.384185791015625e-07,2.384185791015625e-07
688,7.3909759521484375e-06,2.384185791015625e-07,0.0
689,7.3909759521484375e-06,2.384185791015625e-07,0.0
690,7.62939453125e-06,0.0,2.384185791015625e-07
691,7.3909759521484375e-06,0.0,2.384185791015625e-07
692,7.62939453125e-06,0.0,2.384185791015625e-07
693,7.3909759521484375e-06,2.384185791015625e-07,2.384185791015625e-07
694,7.3909759521484375e-06,0.0,2.384185791015625e-07
695,7.3909759521484375e-06,0.0,2.384185791015625e-07
696,7.3909759521484375e-06,2.384185791015625e-07,2.384185791015625e-07
697,7.62939453125e-06,0.0,2.384185791015625e-07
698,7.3909759521484375e-06,0.0,2.384185791015625e-07
699,7.62939453125e-06,0.0,2.384185791015625e-07
700,7.62939453125e-06,2.384185791015625e-07,2.384185791015625e-07
701,7.62939453125e-06,2.384185791015625e-07,0.0
702,7.62939453125e-06,2.384185791015625e-07,2.384185791015625e-07
703,7.62939453125e-06,2.384185791015625e-07,0.0
704,7.62939453125e-06,2.384185791015625e-07,0.0
705,7.62939453125e-06,2.384185791015625e-07,0.0
706,7.62939453125e-06,2.384185791015625e-07,2.384185791015625e-07
707,7.62939453125e-06,0.0,2.384185791015625e-07
708,7.62939453125e-06,2.384185791015625e-07,0.0
709,7.62939453125e-06,2.384185791015625e-07,2.384185791015625e-07
710,7.62939453125e-06,0.0,2.384185791015625e-07
711,7.62939453125e-06,2.384185791015625e-07,2.384185791015625e-07
712,7.62939453125e-06,0.0,2.384185791015625e-07
713,7.62939453125e-06,2.384185791015625e-07,0.0
714,7.62939453125e-06,2.384185791015625e-07,0.0
715,7.62939453125e-06,0.0,2.384185791015625e-07
716,7.62939453125e-06,0.0,2.384185791015625e-07
717,7.62939453125e-06,2.384185791015625e-07,0.0
718,7.867813110351562e-06,0.0,2.384185791015625e-07
719,7.62939453125e-06,2.384185791015625e-07,2.384185791015625e-07
720,7.62939453125e-06,2.384185791015625e-07,2.384185791015625e-07
721,7.867813110351562e-06,0.0,2.384185791015625e-07
722,7.867813110351562e-06,2.384185791015625e-07,2.384185791015625e-07
723,7.867813110351562e-06,2.384185791015625e-07,0.0
724,7.62939453125e-06,0.0,2.384185791015625e-07
725,7.867813110351562e-06,2.384185791015625e-07,0.0
726,7.867813110351562e-06,2.384185791015625e-07,0.0
727,7.867813110351562e-06,0.0,2.384185791015625e-07
728,7.867813110351562e-06,2.384185791015625e-07,2.384185791015625e-07
729,7.62939453125e-06,0.0,2.384185791015625e-07
730,7.867813110351562e-06,2.384185791015625e-07,2.384185791015625e-07
731,7.867813110351562e-06,0.0,2.384185791015625e-07
732,7.867813110351562e-06,2.384185791015625e-07,0.0
733,7.867813110351562e-06,2.384185791015625e-07,0.0
734,7.867813110351562e-06,0.0,2.384185791015625e-07
735,8.106231689453125e-06,0.0,2.384185791015625e-07
736,7.867813110351562e-06,2.384185791015625e-07,2.384185791015625e-07
737,7.867813110351562e-06,0.0,2.384185791015625e-07
738,8.106231689453125e-06,0.0,2.384185791015625e-07
739,8.106231689453125e-06,2.384185791015625e-07,2.384185791015625e-07
740,8.344650268554688e-06,0.0,2.384185791015625e-07
741,8.344650268554688e-06,2.384185791015625e-07,0.0
742,8.106231689453125e-06,2.384185791015625e-07,0.0
743,8.344650268554688e-06,2.384185791015625e-07,0.0
744,8.344650268554688e-06,2.384185791015625e-07,0.0
745,8.106231689453125e-06,0.0,2.384185791015625e-07
746,8.344650268554688e-06,0.0,2.384185791015625e-07
747,8.344650268554688e-06,2.384185791015625e-07,0.0
748,8.344650268554688e-06,2.384185791015625e-07,0.0
749,8.344650268554688e-06,2.384185791015625e-07,0.0
750,8.344650268554688e-06,0.0,2.384185791015625e-07
751,8.344650268554688e-06,0.0,2.384185791015625e-07
752,8.344650268554688e-06,0.0,2.384185791015625e-07
753,8.344650268554688e-06,2.384185791015625e-07,0.0
754,8.344650268554688e-06,0.0,2.384185791015625e-07
755,8.344650268554688e-06,2.384185791015625e-07,2.384185791015625e-07
756,8.344650268554688e-06,0.0,2.384185791015625e-07
757,8.344650268554688e-06,2.384185791015625e-07,0.0
758,8.58306884765625e-06,0.0,2.384185791015625e-07
759,1.8596649169921875e-05,2.384185791015625e-07,2.384185791015625e-07
760,1.7642974853515625e-05,0.0,2.384185791015625e-07
761,1.7881393432617188e-05,0.0,2.384185791015625e-07
762,1.7642974853515625e-05,2.384185791015625e-07,2.384185791015625e-07
763,8.58306884765625e-06,2.384185791015625e-07,0.0
764,8.58306884765625e-06,2.384185791015625e-07,0.0
765,8.58306884765625e-06,2.384185791015625e-07,2.384185791015625e-07
766,8.58306884765625e-06,2.384185791015625e-07,0.0
767,8.58306884765625e-06,2.384185791015625e-07,2.384185791015625e-07
768,8.58306884765625e-06,0.0,2.384185791015625e-07
769,8.58306884765625e-06,2.384185791015625e-07,0.0
770,8.344650268554688e-06,2.384185791015625e-07,2.384185791015625e-07
771,8.344650268554688e-06,2.384185791015625e-07,0.0
772,8.344650268554688e-06,2.384185791015625e-07,2.384185791015625e-07
773,8.344650268554688e-06,2.384185791015625e-07,2.384185791015625e-07
774,8.344650268554688e-06,2.384185791015625e-07,2.384185791015625e-07
775,8.344650268554688e-06,2.384185791015625e-07,0.0
776,8.344650268554688e-06,0.0,2.384185791015625e-07
777,8.344650268554688e-06,2.384185791015625e-07,0.0
778,8.344650268554688e-06,2.384185791015625e-07,2.384185791015625e-07
779,8.58306884765625e-06,2.384185791015625e-07,0.0
780,8.344650268554688e-06,0.0,2.384185791015625e-07
781,8.344650268554688e-06,2.384185791015625e-07,0.0
782,8.58306884765625e-06,0.0,2.384185791015625e-07
783,8.58306884765625e-06,2.384185791015625e-07,0.0
784,8.58306884765625e-06,0.0,2.384185791015625e-07
785,8.58306884765625e-06,2.384185791015625e-07,0.0
786,8.344650268554688e-06,0.0,2.384185791015625e-07
787,8.58306884765625e-06,0.0,2.384185791015625e-07
788,8.58306884765625e-06,2.384185791015625e-07,2.384185791015625e-07
789,8.58306884765625e-06,2.384185791015625e-07,0.0
790,8.58306884765625e-06,0.0,2.384185791015625e-07
791,8.58306884765625e-06,2.384185791015625e-07,0.0
792,8.58306884765625e-06,2.384185791015625e-07,0.0
793,8.344650268554688e-06,0.0,2.384185791015625e-07
794,8.58306884765625e-06,2.384185791015625e-07,0.0
795,8.58306884765625e-06,0.0,2.384185791015625e-07
796,8.58306884765625e-06,0.0,2.384185791015625e-07
797,8.58306884765625e-06,2.384185791015625e-07,0.0
798,8.58306884765625e-06,2.384185791015625e-07,2.384185791015625e-07
799,8.58306884765625e-06,2.384185791015625e-07,0.0
800,8.58306884765625e-06,0.0,2.384185791015625e-07
801,8.58306884765625e-06,0.0,2.384185791015625e-07
802,8.58306884765625e-06,0.0,2.384185791015625e-07
803,8.58306884765625e-06,2.384185791015625e-07,0.0
804,8.821487426757812e-06,2.384185791015625e-07,0.0
805,8.58306884765625e-06,2.384185791015625e-07,2.384185791015625e-07
806,8.58306884765625e-06,0.0,2.384185791015625e-07
807,8.58306884765625e-06,0.0,2.384185791015625e-07
808,8.821487426757812e-06,0.0,2.384185791015625e-07
809,8.58306884765625e-06,2.384185791015625e-07,2.384185791015625e-07
810,8.58306884765625e-06,4.76837158203125e-07,2.384185791015625e-07
811,8.821487426757812e-06,2.384185791015625e-07,2.384185791015625e-07
812,8.821487426757812e-06,2.384185791015625e-07,2.384185791015625e-07
813,8.821487426757812e-06,2.384185791015625e-07,0.0
814,8.821487426757812e-06,2.384185791015625e-07,2.384185791015625e-07
815,8.821487426757812e-06,0.0,2.384185791015625e-07
816,8.821487426757812e-06,2.384185791015625e-07,0.0
817,8.821487426757812e-06,2.384185791015625e-07,2.384185791015625e-07
818,8.821487426757812e-06,2.384185791015625e-07,2.384185791015625e-07
819,8.821487426757812e-06,2.384185791015625e-07,2.384185791015625e-07
820,8.821487426757812e-06,2.384185791015625e-07,2.384185791015625e-07
821,8.821487426757812e-06,2.384185791015625e-07,0.0
822,1.8596649169921875e-05,0.0,2.384185791015625e-07
823,9.5367431640625e-06,2.384185791015625e-07,2.384185791015625e-07
824,1.7642974853515625e-05,2.384185791015625e-07,0.0
825,9.059906005859375e-06,2.384185791015625e-07,2.384185791015625e-07
826,9.059906005859375e-06,0.0,2.384185791015625e-07
827,9.059906005859375e-06,0.0,2.384185791015625e-07
828,9.059906005859375e-06,0.0,2.384185791015625e-07
829,9.059906005859375e-06,2.384185791015625e-07,2.384185791015625e-07
830,9.298324584960938e-06,2.384185791015625e-07,0.0
831,9.298324584960938e-06,2.384185791015625e-07,0.0
832,9.298324584960938e-06,2.384185791015625e-07,0.0
833,9.298324584960938e-06,2.384185791015625e-07,2.384185791015625e-07
834,9.298324584960938e-06,0.0,0.0
835,9.298324584960938e-06,2.384185791015625e-07,0.0
836,9.298324584960938e-06,0.0,2.384185791015625e-07
837,9.298324584960938e-06,2.384185791015625e-07,0.0
838,9.298324584960938e-06,2.384185791015625e-07,0.0
839,9.298324584960938e-06,2.384185791015625e-07,2.384185791015625e-07
840,9.298324584960938e-06,0.0,2.384185791015625e-07
841,9.298324584960938e-06,2.384185791015625e-07,2.384185791015625e-07
842,9.298324584960938e-06,2.384185791015625e-07,0.0
843,9.298324584960938e-06,0.0,2.384185791015625e-07
844,9.298324584960938e-06,2.384185791015625e-07,0.0
845,1.8596649169921875e-05,0.0,2.384185791015625e-07
846,9.298324584960938e-06,2.384185791015625e-07,2.384185791015625e-07
847,9.059906005859375e-06,2.384185791015625e-07,2.384185791015625e-07
848,9.059906005859375e-06,2.384185791015625e-07,0.0
849,9.059906005859375e-06,0.0,2.384185791015625e-07
850,9.298324584960938e-06,2.384185791015625e-07,2.384185791015625e-07
851,9.298324584960938e-06,0.0,2.384185791015625e-07
852,9.298324584960938e-06,2.384185791015625e-07,2.384185791015625e-07
853,1.9550323486328125e-05,2.384185791015625e-07,0.0
854,1.8358230590820312e-05,0.0,2.384185791015625e-07
855,9.5367431640625e-06,2.384185791015625e-07,2.384185791015625e-07
856,9.298324584960938e-06,2.384185791015625e-07,2.384185791015625e-07
857,9.5367431640625e-06,2.384185791015625e-07,0.0
858,9.5367431640625e-06,2.384185791015625e-07,0.0
859,9.298324584960938e-06,0.0,2.384185791015625e-07
860,9.5367431640625e-06,0.0,2.384185791015625e-07
861,9.5367431640625e-06,2.384185791015625e-07,0.0
862,9.5367431640625e-06,2.384185791015625e-07,2.384185791015625e-07
863,9.5367431640625e-06,2.384185791015625e-07,9.298324584960938e-06
864,9.298324584960938e-06,0.0,2.384185791015625e-07
865,9.298324584960938e-06,2.384185791015625e-07,0.0
866,9.298324584960938e-06,2.384185791015625e-07,2.384185791015625e-07
867,9.298324584960938e-06,2.384185791015625e-07,0.0
868,9.298324584960938e-06,0.0,2.384185791015625e-07
869,9.298324584960938e-06,0.0,2.384185791015625e-07
870,9.298324584960938e-06,0.0,2.384185791015625e-07
871,9.298324584960938e-06,2.384185791015625e-07,2.384185791015625e-07
872,9.298324584960938e-06,0.0,2.384185791015625e-07
873,9.5367431640625e-06,2.384185791015625e-07,0.0
874,9.5367431640625e-06,2.384185791015625e-07,0.0
875,9.5367431640625e-06,0.0,2.384185791015625e-07
876,9.298324584960938e-06,0.0,2.384185791015625e-07
877,9.298324584960938e-06,0.0,2.384185791015625e-07
878,9.298324584960938e-06,0.0,2.384185791015625e-07
879,9.298324584960938e-06,0.0,2.384185791015625e-07
880,9.298324584960938e-06,0.0,2.384185791015625e-07
881,9.298324584960938e-06,0.0,2.384185791015625e-07
882,9.5367431640625e-06,2.384185791015625e-07,2.384185791015625e-07
883,9.5367431640625e-06,2.384185791015625e-07,0.0
884,9.5367431640625e-06,2.384185791015625e-07,0.0
885,9.5367431640625e-06,0.0,2.384185791015625e-07
886,9.5367431640625e-06,2.384185791015625e-07,0.0
887,9.5367431640625e-06,0.0,2.384185791015625e-07
888,9.5367431640625e-06,2.384185791015625e-07,0.0
889,9.5367431640625e-06,2.384185791015625e-07,0.0
890,9.5367431640625e-06,2.384185791015625e-07,2.384185791015625e-07
891,9.775161743164062e-06,0.0,2.384185791015625e-07
892,9.5367431640625e-06,0.0,2.384185791015625e-07
893,9.5367431640625e-06,2.384185791015625e-07,0.0
894,9.775161743164062e-06,0.0,2.384185791015625e-07
895,2.002716064453125e-05,2.384185791015625e-07,2.384185791015625e-07
896,1.0013580322265625e-05,2.384185791015625e-07,2.384185791015625e-07
897,1.0013580322265625e-05,2.384185791015625e-07,0.0
898,1.0013580322265625e-05,2.384185791015625e-07,0.0
899,1.0251998901367188e-05,0.0,2.384185791015625e-07
900,1.0251998901367188e-05,0.0,2.384185791015625e-07
901,1.0251998901367188e-05,2.384185791015625e-07,0.0
902,1.9073486328125e-05,2.384185791015625e-07,2.384185791015625e-07
903,1.0013580322265625e-05,2.384185791015625e-07,2.384185791015625e-07
904,1.0013580322265625e-05,0.0,2.384185791015625e-07
905,1.0013580322265625e-05,2.384185791015625e-07,0.0
906,9.775161743164062e-06,0.0,2.384185791015625e-07
907,1.0013580322265625e-05,0.0,2.384185791015625e-07
908,1.0013580322265625e-05,2.384185791015625e-07,2.384185791015625e-07
909,1.0013580322265625e-05,2.384185791015625e-07,0.0
910,1.0013580322265625e-05,2.384185791015625e-07,0.0
911,1.049041748046875e-05,2.384185791015625e-07,0.0
912,1.9550323486328125e-05,2.384185791015625e-07,2.384185791015625e-07
913,1.0013580322265625e-05,2.384185791015625e-07,0.0
914,1.0251998901367188e-05,2.384185791015625e-07,0.0
915,1.0013580322265625e-05,0.0,2.384185791015625e-07
916,1.0251998901367188e-05,2.384185791015625e-07,0.0
917,1.0013580322265625e-05,0.0,2.384185791015625e-07
918,1.0013580322265625e-05,0.0,2.384185791015625e-07
919,1.9311904907226562e-05,2.384185791015625e-07,0.0
920,1.0013580322265625e-05,2.384185791015625e-07,0.0
921,1.0013580322265625e-05,2.384185791015625e-07,0.0
922,1.0013580322265625e-05,2.384185791015625e-07,0.0
923,9.775161743164062e-06,2.384185791015625e-07,2.384185791015625e-07
924,1.0013580322265625e-05,2.384185791015625e-07,2.384185791015625e-07
925,9.775161743164062e-06,0.0,2.384185791015625e-07
926,1.0013580322265625e-05,2.384185791015625e-07,0.0
927,1.0013580322265625e-05,2.384185791015625e-07,2.384185791015625e-07
928,1.0251998901367188e-05,0.0,2.384185791015625e-07
929,1.049041748046875e-05,0.0,0.0
930,2.0265579223632812e-05,2.384185791015625e-07,0.0
931,1.0728836059570312e-05,0.0,2.384185791015625e-07
932,1.9311904907226562e-05,0.0,2.384185791015625e-07
933,1.8835067749023438e-05,2.384185791015625e-07,0.0
934,1.0251998901367188e-05,2.384185791015625e-07,0.0
935,1.0013580322265625e-05,2.384185791015625e-07,0.0
936,1.0013580322265625e-05,2.384185791015625e-07,0.0
937,1.0251998901367188e-05,0.0,2.384185791015625e-07
938,1.0013580322265625e-05,0.0,2.384185791015625e-07
939,1.0251998901367188e-05,0.0,2.384185791015625e-07
940,1.0013580322265625e-05,2.384185791015625e-07,0.0
941,1.0013580322265625e-05,0.0,2.384185791015625e-07
942,1.0013580322265625e-05,0.0,2.384185791015625e-07
943,1.0251998901367188e-05,2.384185791015625e-07,0.0
944,1.0251998901367188e-05,2.384185791015625e-07,0.0
945,1.0251998901367188e-05,2.384185791015625e-07,0.0
946,1.0013580322265625e-05,2.384185791015625e-07,2.384185791015625e-07
947,1.0251998901367188e-05,0.0,2.384185791015625e-07
948,1.0251998901367188e-05,0.0,2.384185791015625e-07
949,1.0251998901367188e-05,0.0,2.384185791015625e-07
950,1.0251998901367188e-05,0.0,2.384185791015625e-07
951,1.0251998901367188e-05,2.384185791015625e-07,2.384185791015625e-07
952,1.0251998901367188e-05,0.0,2.384185791015625e-07
953,1.0013580322265625e-05,0.0,2.384185791015625e-07
954,1.049041748046875e-05,2.384185791015625e-07,2.384185791015625e-07
955,1.049041748046875e-05,0.0,2.384185791015625e-07
956,1.0251998901367188e-05,2.384185791015625e-07,0.0
957,1.0251998901367188e-05,2.384185791015625e-07,0.0
958,1.0251998901367188e-05,2.384185791015625e-07,0.0
959,1.0251998901367188e-05,0.0,2.384185791015625e-07
960,1.049041748046875e-05,2.384185791015625e-07,0.0
961,1.0251998901367188e-05,0.0,2.384185791015625e-07
962,1.049041748046875e-05,2.384185791015625e-07,0.0
963,1.049041748046875e-05,2.384185791015625e-07,0.0
964,1.049041748046875e-05,0.0,2.384185791015625e-07
965,1.049041748046875e-05,2.384185791015625e-07,0.0
966,1.049041748046875e-05,2.384185791015625e-07,0.0
967,1.049041748046875e-05,2.384185791015625e-07,0.0
968,1.049041748046875e-05,2.384185791015625e-07,0.0
969,1.049041748046875e-05,0.0,2.384185791015625e-07
970,1.0728836059570312e-05,0.0,2.384185791015625e-07
971,1.0728836059570312e-05,2.384185791015625e-07,2.384185791015625e-07
972,1.0728836059570312e-05,2.384185791015625e-07,2.384185791015625e-07
973,1.049041748046875e-05,0.0,2.384185791015625e-07
974,1.0728836059570312e-05,2.384185791015625e-07,0.0
975,1.0728836059570312e-05,2.384185791015625e-07,0.0
976,1.0728836059570312e-05,2.384185791015625e-07,0.0
977,1.0728836059570312e-05,0.0,2.384185791015625e-07
978,1.0728836059570312e-05,0.0,2.384185791015625e-07
979,1.0728836059570312e-05,0.0,2.384185791015625e-07
980,1.0967254638671875e-05,2.384185791015625e-07,0.0
981,1.0728836059570312e-05,0.0,2.384185791015625e-07
982,1.0967254638671875e-05,2.384185791015625e-07,0.0
983,1.0967254638671875e-05,0.0,2.384185791015625e-07
984,1.0967254638671875e-05,2.384185791015625e-07,0.0
985,1.9550323486328125e-05,2.384185791015625e-07,0.0
986,1.049041748046875e-05,0.0,2.384185791015625e-07
987,1.049041748046875e-05,0.0,2.384185791015625e-07
988,1.0728836059570312e-05,2.384185791015625e-07,0.0
989,1.049041748046875e-05,0.0,2.384185791015625e-07
990,1.0728836059570312e-05,2.384185791015625e-07,0.0
991,1.0728836059570312e-05,2.384185791015625e-07,0.0
992,1.049041748046875e-05,0.0,2.384185791015625e-07
993,1.049041748046875e-05,0.0,2.384185791015625e-07
994,1.049041748046875e-05,0.0,2.384185791015625e-07
995,1.049041748046875e-05,0.0,2.384185791015625e-07
996,1.0728836059570312e-05,2.384185791015625e-07,0.0
997,1.0728836059570312e-05,0.0,2.384185791015625e-07
998,1.049041748046875e-05,0.0,2.384185791015625e-07
999,1.0728836059570312e-05,0.0,2.384185791015625e-07
