1,4.0531158447265625e-06,3.814697265625e-06
2,2.384185791015625e-06,1.430511474609375e-06
3,1.6689300537109375e-06,7.152557373046875e-07
4,1.9073486328125e-06,9.5367431640625e-07
5,1.430511474609375e-06,1.430511474609375e-06
6,1.430511474609375e-06,1.1920928955078125e-06
7,1.6689300537109375e-06,9.5367431640625e-07
8,1.9073486328125e-06,1.1920928955078125e-06
9,1.9073486328125e-06,1.6689300537109375e-06
10,2.1457672119140625e-06,1.430511474609375e-06
11,1.6689300537109375e-06,1.430511474609375e-06
12,1.9073486328125e-06,1.6689300537109375e-06
13,2.1457672119140625e-06,1.430511474609375e-06
14,2.86102294921875e-06,1.6689300537109375e-06
15,2.384185791015625e-06,1.430511474609375e-06
16,2.384185791015625e-06,1.6689300537109375e-06
17,1.6689300537109375e-06,1.430511474609375e-06
18,1.6689300537109375e-06,1.9073486328125e-06
19,1.9073486328125e-06,1.430511474609375e-06
20,1.6689300537109375e-06,1.430511474609375e-06
21,1.9073486328125e-06,1.1920928955078125e-06
22,1.9073486328125e-06,1.430511474609375e-06
23,1.9073486328125e-06,1.430511474609375e-06
24,1.9073486328125e-06,1.430511474609375e-06
25,2.1457672119140625e-06,1.1920928955078125e-06
26,2.1457672119140625e-06,1.430511474609375e-06
27,2.384185791015625e-06,0.00011968612670898438
28,2.86102294921875e-06,1.6689300537109375e-06
29,2.384185791015625e-06,1.430511474609375e-06
30,2.384185791015625e-06,1.430511474609375e-06
31,2.6226043701171875e-06,1.6689300537109375e-06
32,2.384185791015625e-06,1.6689300537109375e-06
33,2.6226043701171875e-06,1.430511474609375e-06
34,2.6226043701171875e-06,1.6689300537109375e-06
35,2.6226043701171875e-06,1.6689300537109375e-06
36,2.6226043701171875e-06,1.9073486328125e-06
37,2.86102294921875e-06,1.9073486328125e-06
38,2.86102294921875e-06,1.9073486328125e-06
39,2.86102294921875e-06,1.9073486328125e-06
40,2.86102294921875e-06,1.9073486328125e-06
41,3.0994415283203125e-06,1.9073486328125e-06
42,2.86102294921875e-06,1.9073486328125e-06
43,3.0994415283203125e-06,2.1457672119140625e-06
44,3.337860107421875e-06,2.384185791015625e-06
45,3.0994415283203125e-06,2.1457672119140625e-06
46,3.337860107421875e-06,2.1457672119140625e-06
47,3.0994415283203125e-06,2.6226043701171875e-06
48,3.337860107421875e-06,2.1457672119140625e-06
49,3.337860107421875e-06,2.1457672119140625e-06
50,3.337860107421875e-06,2.384185791015625e-06
51,3.5762786865234375e-06,2.1457672119140625e-06
52,3.5762786865234375e-06,2.384185791015625e-06
53,3.814697265625e-06,2.384185791015625e-06
54,3.5762786865234375e-06,2.384185791015625e-06
55,3.814697265625e-06,2.6226043701171875e-06
56,3.814697265625e-06,2.384185791015625e-06
57,3.814697265625e-06,3.0994415283203125e-06
58,3.814697265625e-06,2.86102294921875e-06
59,4.0531158447265625e-06,2.86102294921875e-06
60,4.0531158447265625e-06,3.337860107421875e-06
61,4.0531158447265625e-06,2.86102294921875e-06
62,4.291534423828125e-06,3.0994415283203125e-06
63,4.291534423828125e-06,2.86102294921875e-06
64,4.0531158447265625e-06,3.337860107421875e-06
65,4.5299530029296875e-06,2.86102294921875e-06
66,4.291534423828125e-06,3.0994415283203125e-06
67,4.5299530029296875e-06,3.0994415283203125e-06
68,4.5299530029296875e-06,3.0994415283203125e-06
69,4.291534423828125e-06,3.0994415283203125e-06
70,4.5299530029296875e-06,3.0994415283203125e-06
71,4.76837158203125e-06,3.0994415283203125e-06
72,4.76837158203125e-06,3.0994415283203125e-06
73,4.76837158203125e-06,3.337860107421875e-06
74,4.76837158203125e-06,3.0994415283203125e-06
75,5.0067901611328125e-06,3.5762786865234375e-06
76,5.0067901611328125e-06,3.5762786865234375e-06
77,5.0067901611328125e-06,3.5762786865234375e-06
78,5.245208740234375e-06,3.337860107421875e-06
79,5.245208740234375e-06,4.0531158447265625e-06
80,5.245208740234375e-06,3.5762786865234375e-06
81,5.245208740234375e-06,3.814697265625e-06
82,5.245208740234375e-06,3.337860107421875e-06
83,5.4836273193359375e-06,3.5762786865234375e-06
84,5.7220458984375e-06,3.5762786865234375e-06
85,5.4836273193359375e-06,3.5762786865234375e-06
86,5.4836273193359375e-06,4.0531158447265625e-06
87,1.7881393432617188e-05,3.814697265625e-06
88,5.7220458984375e-06,3.814697265625e-06
89,5.4836273193359375e-06,3.814697265625e-06
90,5.7220458984375e-06,4.0531158447265625e-06
91,5.9604644775390625e-06,4.0531158447265625e-06
92,5.7220458984375e-06,3.814697265625e-06
93,5.9604644775390625e-06,4.0531158447265625e-06
94,6.198883056640625e-06,3.814697265625e-06
95,6.198883056640625e-06,4.291534423828125e-06
96,5.9604644775390625e-06,4.0531158447265625e-06
97,6.198883056640625e-06,4.0531158447265625e-06
98,6.198883056640625e-06,4.291534423828125e-06
99,6.4373016357421875e-06,4.291534423828125e-06
100,6.4373016357421875e-06,4.291534423828125e-06
101,5.9604644775390625e-06,3.814697265625e-06
102,5.9604644775390625e-06,3.814697265625e-06
103,5.9604644775390625e-06,4.0531158447265625e-06
104,5.9604644775390625e-06,3.814697265625e-06
105,6.198883056640625e-06,4.0531158447265625e-06
106,6.198883056640625e-06,4.0531158447265625e-06
107,6.198883056640625e-06,4.291534423828125e-06
108,6.198883056640625e-06,4.291534423828125e-06
109,6.4373016357421875e-06,4.0531158447265625e-06
110,6.4373016357421875e-06,4.291534423828125e-06
111,6.67572021484375e-06,4.5299530029296875e-06
112,6.67572021484375e-06,4.291534423828125e-06
113,6.67572021484375e-06,4.291534423828125e-06
114,6.67572021484375e-06,4.5299530029296875e-06
115,6.9141387939453125e-06,4.291534423828125e-06
116,6.9141387939453125e-06,4.5299530029296875e-06
117,6.9141387939453125e-06,4.291534423828125e-06
118,6.9141387939453125e-06,4.5299530029296875e-06
119,1.7404556274414062e-05,4.5299530029296875e-06
120,7.3909759521484375e-06,4.76837158203125e-06
121,7.152557373046875e-06,4.5299530029296875e-06
122,6.9141387939453125e-06,4.291534423828125e-06
123,7.3909759521484375e-06,4.5299530029296875e-06
124,7.152557373046875e-06,4.5299530029296875e-06
125,7.62939453125e-06,4.5299530029296875e-06
126,7.3909759521484375e-06,4.76837158203125e-06
127,7.62939453125e-06,4.76837158203125e-06
128,7.3909759521484375e-06,5.245208740234375e-06
129,7.3909759521484375e-06,5.245208740234375e-06
130,7.62939453125e-06,5.0067901611328125e-06
131,7.62939453125e-06,5.245208740234375e-06
132,7.867813110351562e-06,5.0067901611328125e-06
133,7.867813110351562e-06,5.245208740234375e-06
134,7.62939453125e-06,5.245208740234375e-06
135,8.344650268554688e-06,5.0067901611328125e-06
136,7.867813110351562e-06,5.245208740234375e-06
137,8.106231689453125e-06,5.0067901611328125e-06
138,8.106231689453125e-06,5.245208740234375e-06
139,1.811981201171875e-05,5.4836273193359375e-06
140,8.344650268554688e-06,5.245208740234375e-06
141,8.58306884765625e-06,5.9604644775390625e-06
142,8.58306884765625e-06,5.4836273193359375e-06
143,8.821487426757812e-06,5.7220458984375e-06
144,1.71661376953125e-05,5.4836273193359375e-06
145,8.344650268554688e-06,5.4836273193359375e-06
146,8.58306884765625e-06,5.4836273193359375e-06
147,8.821487426757812e-06,5.4836273193359375e-06
148,8.58306884765625e-06,5.4836273193359375e-06
149,8.58306884765625e-06,5.7220458984375e-06
150,8.58306884765625e-06,5.7220458984375e-06
151,1.8835067749023438e-05,5.4836273193359375e-06
152,8.58306884765625e-06,5.9604644775390625e-06
153,8.58306884765625e-06,5.4836273193359375e-06
154,8.821487426757812e-06,7.3909759521484375e-06
155,1.049041748046875e-05,7.152557373046875e-06
156,9.059906005859375e-06,6.67572021484375e-06
157,8.821487426757812e-06,6.67572021484375e-06
158,8.821487426757812e-06,7.867813110351562e-06
159,9.298324584960938e-06,6.4373016357421875e-06
160,9.059906005859375e-06,7.152557373046875e-06
161,9.059906005859375e-06,8.58306884765625e-06
162,9.059906005859375e-06,6.198883056640625e-06
163,9.775161743164062e-06,6.198883056640625e-06
164,1.1444091796875e-05,6.4373016357421875e-06
165,1.0013580322265625e-05,8.106231689453125e-06
166,1.049041748046875e-05,8.106231689453125e-06
167,1.0251998901367188e-05,7.3909759521484375e-06
168,1.2159347534179688e-05,9.059906005859375e-06
169,1.1920928955078125e-05,7.867813110351562e-06
170,1.1205673217773438e-05,7.152557373046875e-06
171,1.0967254638671875e-05,1.6450881958007812e-05
172,1.0013580322265625e-05,6.198883056640625e-06
173,9.775161743164062e-06,6.4373016357421875e-06
174,1.0013580322265625e-05,1.5497207641601562e-05
175,1.8835067749023438e-05,6.4373016357421875e-06
176,1.0013580322265625e-05,6.4373016357421875e-06
177,1.0013580322265625e-05,6.4373016357421875e-06
178,1.0251998901367188e-05,6.198883056640625e-06
179,1.0251998901367188e-05,6.198883056640625e-06
180,1.0251998901367188e-05,6.4373016357421875e-06
181,1.0251998901367188e-05,6.67572021484375e-06
182,1.049041748046875e-05,6.67572021484375e-06
183,1.049041748046875e-05,6.67572021484375e-06
184,1.049041748046875e-05,6.67572021484375e-06
185,1.049041748046875e-05,6.67572021484375e-06
186,1.0728836059570312e-05,6.4373016357421875e-06
187,1.049041748046875e-05,6.4373016357421875e-06
188,1.0728836059570312e-05,6.67572021484375e-06
189,1.0728836059570312e-05,6.67572021484375e-06
190,1.1205673217773438e-05,6.67572021484375e-06
191,1.0728836059570312e-05,6.9141387939453125e-06
192,1.0967254638671875e-05,6.9141387939453125e-06
193,1.0967254638671875e-05,6.9141387939453125e-06
194,1.1444091796875e-05,6.67572021484375e-06
195,1.1205673217773438e-05,6.67572021484375e-06
196,1.0967254638671875e-05,6.9141387939453125e-06
197,1.1205673217773438e-05,6.9141387939453125e-06
198,1.1205673217773438e-05,6.9141387939453125e-06
199,1.1205673217773438e-05,7.152557373046875e-06
200,1.1205673217773438e-05,7.152557373046875e-06
201,1.1444091796875e-05,7.152557373046875e-06
202,1.1682510375976562e-05,7.3909759521484375e-06
203,1.1444091796875e-05,7.3909759521484375e-06
204,1.1444091796875e-05,7.3909759521484375e-06
205,1.1682510375976562e-05,7.3909759521484375e-06
206,1.1682510375976562e-05,7.152557373046875e-06
207,1.1920928955078125e-05,7.152557373046875e-06
208,1.1920928955078125e-05,7.3909759521484375e-06
209,1.1920928955078125e-05,7.3909759521484375e-06
210,1.2159347534179688e-05,7.3909759521484375e-06
211,1.1920928955078125e-05,7.3909759521484375e-06
212,1.1920928955078125e-05,7.3909759521484375e-06
213,1.2159347534179688e-05,7.3909759521484375e-06
214,1.2159347534179688e-05,7.62939453125e-06
215,1.2159347534179688e-05,7.62939453125e-06
216,1.2159347534179688e-05,7.62939453125e-06
217,1.239776611328125e-05,7.867813110351562e-06
218,1.239776611328125e-05,7.867813110351562e-06
219,1.239776611328125e-05,7.867813110351562e-06
220,1.239776611328125e-05,7.867813110351562e-06
221,1.2636184692382812e-05,7.867813110351562e-06
222,1.2874603271484375e-05,7.867813110351562e-06
223,1.2636184692382812e-05,7.867813110351562e-06
224,1.2874603271484375e-05,7.867813110351562e-06
225,1.2874603271484375e-05,8.106231689453125e-06
226,1.2874603271484375e-05,8.106231689453125e-06
227,1.2874603271484375e-05,8.106231689453125e-06
228,1.2874603271484375e-05,8.106231689453125e-06
229,1.2874603271484375e-05,8.106231689453125e-06
230,1.3113021850585938e-05,8.106231689453125e-06
231,1.3113021850585938e-05,8.106231689453125e-06
232,1.33514404296875e-05,8.106231689453125e-06
233,1.33514404296875e-05,8.106231689453125e-06
234,1.3589859008789062e-05,8.106231689453125e-06
235,1.33514404296875e-05,8.344650268554688e-06
236,1.3589859008789062e-05,8.106231689453125e-06
237,1.3589859008789062e-05,8.58306884765625e-06
238,1.33514404296875e-05,8.58306884765625e-06
239,1.3589859008789062e-05,8.344650268554688e-06
240,1.3589859008789062e-05,8.58306884765625e-06
241,1.3828277587890625e-05,8.344650268554688e-06
242,3.147125244140625e-05,8.821487426757812e-06
243,1.4066696166992188e-05,8.58306884765625e-06
244,1.4066696166992188e-05,8.58306884765625e-06
245,1.3828277587890625e-05,8.58306884765625e-06
246,1.4066696166992188e-05,8.58306884765625e-06
247,1.4066696166992188e-05,1.8835067749023438e-05
248,2.288818359375e-05,1.8835067749023438e-05
249,2.288818359375e-05,8.58306884765625e-06
250,1.430511474609375e-05,8.58306884765625e-06
251,1.430511474609375e-05,8.58306884765625e-06
252,1.430511474609375e-05,8.821487426757812e-06
253,1.430511474609375e-05,8.821487426757812e-06
254,1.4543533325195312e-05,8.821487426757812e-06
255,1.430511474609375e-05,9.059906005859375e-06
256,1.4543533325195312e-05,9.059906005859375e-06
257,1.4781951904296875e-05,9.298324584960938e-06
258,1.5020370483398438e-05,9.298324584960938e-06
259,1.5020370483398438e-05,9.059906005859375e-06
260,1.52587890625e-05,9.059906005859375e-06
261,1.5020370483398438e-05,9.059906005859375e-06
262,1.52587890625e-05,9.059906005859375e-06
263,1.5020370483398438e-05,9.059906005859375e-06
264,1.52587890625e-05,9.298324584960938e-06
265,1.52587890625e-05,9.059906005859375e-06
266,1.5497207641601562e-05,9.059906005859375e-06
267,1.52587890625e-05,9.298324584960938e-06
268,1.5497207641601562e-05,9.298324584960938e-06
269,1.5497207641601562e-05,9.298324584960938e-06
270,1.5735626220703125e-05,9.5367431640625e-06
271,1.5735626220703125e-05,9.298324584960938e-06
272,1.5497207641601562e-05,9.5367431640625e-06
273,1.5974044799804688e-05,9.5367431640625e-06
274,1.5735626220703125e-05,9.775161743164062e-06
275,1.5974044799804688e-05,9.5367431640625e-06
276,1.5974044799804688e-05,9.5367431640625e-06
277,1.5974044799804688e-05,9.775161743164062e-06
278,1.621246337890625e-05,9.5367431640625e-06
279,1.6450881958007812e-05,9.5367431640625e-06
280,1.6450881958007812e-05,9.775161743164062e-06
281,1.6689300537109375e-05,9.775161743164062e-06
282,1.6689300537109375e-05,9.775161743164062e-06
283,1.6689300537109375e-05,9.775161743164062e-06
284,1.6450881958007812e-05,1.0013580322265625e-05
285,1.6689300537109375e-05,1.0013580322265625e-05
286,1.6689300537109375e-05,1.0013580322265625e-05
287,1.6927719116210938e-05,1.0013580322265625e-05
288,1.6927719116210938e-05,1.0013580322265625e-05
289,1.6927719116210938e-05,1.0013580322265625e-05
290,1.6927719116210938e-05,1.0013580322265625e-05
291,1.71661376953125e-05,1.0013580322265625e-05
292,1.71661376953125e-05,1.0251998901367188e-05
293,1.71661376953125e-05,1.0013580322265625e-05
294,1.7404556274414062e-05,1.0251998901367188e-05
295,1.7404556274414062e-05,1.0251998901367188e-05
296,1.7404556274414062e-05,1.0251998901367188e-05
297,1.7404556274414062e-05,1.0251998901367188e-05
298,1.7642974853515625e-05,1.049041748046875e-05
299,1.7642974853515625e-05,1.0728836059570312e-05
300,1.7881393432617188e-05,1.0967254638671875e-05
301,1.7642974853515625e-05,1.0728836059570312e-05
302,1.811981201171875e-05,1.0728836059570312e-05
303,1.7881393432617188e-05,1.0728836059570312e-05
304,1.811981201171875e-05,1.0728836059570312e-05
305,1.811981201171875e-05,1.0728836059570312e-05
306,1.8358230590820312e-05,1.0967254638671875e-05
307,1.811981201171875e-05,1.0728836059570312e-05
308,1.8358230590820312e-05,1.0967254638671875e-05
309,1.8596649169921875e-05,1.0967254638671875e-05
310,1.8835067749023438e-05,1.0967254638671875e-05
311,1.8596649169921875e-05,1.0967254638671875e-05
312,1.9073486328125e-05,1.0967254638671875e-05
313,1.8596649169921875e-05,1.1205673217773438e-05
314,1.9311904907226562e-05,1.0967254638671875e-05
315,1.8596649169921875e-05,1.0967254638671875e-05
316,1.9073486328125e-05,1.1205673217773438e-05
317,1.9311904907226562e-05,1.1205673217773438e-05
318,1.9550323486328125e-05,1.1205673217773438e-05
319,1.9311904907226562e-05,1.1682510375976562e-05
320,1.9311904907226562e-05,1.1444091796875e-05
321,1.9311904907226562e-05,1.1444091796875e-05
322,1.9550323486328125e-05,1.1444091796875e-05
323,2.956390380859375e-05,2.0265579223632812e-05
324,1.9550323486328125e-05,1.1444091796875e-05
325,1.9788742065429688e-05,1.430511474609375e-05
326,1.9788742065429688e-05,2.1696090698242188e-05
327,1.9788742065429688e-05,1.1444091796875e-05
328,2.002716064453125e-05,1.1444091796875e-05
329,2.002716064453125e-05,1.1444091796875e-05
330,2.0265579223632812e-05,1.1444091796875e-05
331,2.002716064453125e-05,1.1682510375976562e-05
332,2.002716064453125e-05,1.1682510375976562e-05
333,2.002716064453125e-05,1.1920928955078125e-05
334,2.0503997802734375e-05,1.1682510375976562e-05
335,2.0503997802734375e-05,1.1682510375976562e-05
336,2.0265579223632812e-05,1.2159347534179688e-05
337,2.1219253540039062e-05,1.2159347534179688e-05
338,2.1457672119140625e-05,1.1920928955078125e-05
339,2.0742416381835938e-05,1.1920928955078125e-05
340,2.0742416381835938e-05,1.1682510375976562e-05
341,2.0742416381835938e-05,1.1920928955078125e-05
342,2.0742416381835938e-05,1.2159347534179688e-05
343,2.09808349609375e-05,1.2159347534179688e-05
344,3.457069396972656e-05,1.2636184692382812e-05
345,2.1219253540039062e-05,1.2159347534179688e-05
346,2.1219253540039062e-05,1.2159347534179688e-05
347,2.1219253540039062e-05,1.2159347534179688e-05
348,2.1457672119140625e-05,1.2159347534179688e-05
349,2.1457672119140625e-05,1.2159347534179688e-05
350,2.1696090698242188e-05,1.2159347534179688e-05
351,2.1457672119140625e-05,1.239776611328125e-05
352,2.1457672119140625e-05,1.239776611328125e-05
353,2.1457672119140625e-05,1.239776611328125e-05
354,2.1696090698242188e-05,1.239776611328125e-05
355,2.193450927734375e-05,1.2636184692382812e-05
356,3.218650817871094e-05,2.384185791015625e-05
357,2.193450927734375e-05,1.239776611328125e-05
358,2.193450927734375e-05,1.2636184692382812e-05
359,2.193450927734375e-05,1.2636184692382812e-05
360,2.193450927734375e-05,1.2636184692382812e-05
361,2.2172927856445312e-05,1.2636184692382812e-05
362,2.2411346435546875e-05,1.2636184692382812e-05
363,2.2172927856445312e-05,1.2636184692382812e-05
364,2.2411346435546875e-05,1.2874603271484375e-05
365,2.2411346435546875e-05,1.2636184692382812e-05
366,2.2411346435546875e-05,1.2874603271484375e-05
367,2.2649765014648438e-05,1.2874603271484375e-05
368,2.288818359375e-05,1.2874603271484375e-05
369,2.288818359375e-05,1.2874603271484375e-05
370,2.3365020751953125e-05,1.2874603271484375e-05
371,2.3126602172851562e-05,1.2874603271484375e-05
372,2.3365020751953125e-05,1.3113021850585938e-05
373,2.3365020751953125e-05,1.2874603271484375e-05
374,2.384185791015625e-05,2.3126602172851562e-05
375,3.337860107421875e-05,2.2172927856445312e-05
376,2.384185791015625e-05,1.3113021850585938e-05
377,2.3365020751953125e-05,1.3113021850585938e-05
378,2.3603439331054688e-05,1.33514404296875e-05
379,2.3365020751953125e-05,1.33514404296875e-05
380,2.3365020751953125e-05,2.3365020751953125e-05
381,4.291534423828125e-05,1.33514404296875e-05
382,2.384185791015625e-05,1.3113021850585938e-05
383,2.384185791015625e-05,1.3589859008789062e-05
384,2.4080276489257812e-05,1.33514404296875e-05
385,2.4080276489257812e-05,1.33514404296875e-05
386,2.4557113647460938e-05,1.33514404296875e-05
387,4.315376281738281e-05,1.4781951904296875e-05
388,2.47955322265625e-05,1.4066696166992188e-05
389,2.5033950805664062e-05,2.7179718017578125e-05
390,3.8623809814453125e-05,1.4066696166992188e-05
391,2.47955322265625e-05,1.3589859008789062e-05
392,2.5510787963867188e-05,1.3828277587890625e-05
393,2.4557113647460938e-05,1.3828277587890625e-05
394,2.47955322265625e-05,1.3589859008789062e-05
395,2.5033950805664062e-05,1.3828277587890625e-05
396,2.5033950805664062e-05,1.3828277587890625e-05
397,2.5033950805664062e-05,1.3828277587890625e-05
398,2.5510787963867188e-05,1.3589859008789062e-05
399,2.5272369384765625e-05,1.4066696166992188e-05
400,2.5272369384765625e-05,1.3828277587890625e-05
401,2.5033950805664062e-05,1.4066696166992188e-05
402,2.5510787963867188e-05,1.3828277587890625e-05
403,2.5510787963867188e-05,1.4066696166992188e-05
404,2.574920654296875e-05,1.430511474609375e-05
405,2.5510787963867188e-05,1.3828277587890625e-05
406,2.574920654296875e-05,1.4781951904296875e-05
407,2.574920654296875e-05,1.4066696166992188e-05
408,2.5987625122070312e-05,1.4543533325195312e-05
409,2.6226043701171875e-05,1.52587890625e-05
410,2.6226043701171875e-05,2.47955322265625e-05
411,3.1948089599609375e-05,1.7642974853515625e-05
412,3.24249267578125e-05,1.7642974853515625e-05
413,3.218650817871094e-05,1.7642974853515625e-05
414,3.218650817871094e-05,1.7642974853515625e-05
415,3.218650817871094e-05,1.7881393432617188e-05
416,3.2901763916015625e-05,1.7642974853515625e-05
417,3.266334533691406e-05,1.7642974853515625e-05
418,3.266334533691406e-05,1.7881393432617188e-05
419,3.266334533691406e-05,1.811981201171875e-05
420,3.337860107421875e-05,1.811981201171875e-05
421,3.2901763916015625e-05,1.811981201171875e-05
422,3.361701965332031e-05,1.7881393432617188e-05
423,3.314018249511719e-05,1.811981201171875e-05
424,3.2901763916015625e-05,1.811981201171875e-05
425,3.361701965332031e-05,1.811981201171875e-05
426,3.361701965332031e-05,1.8358230590820312e-05
427,3.337860107421875e-05,1.8358230590820312e-05
428,3.361701965332031e-05,1.8358230590820312e-05
429,3.3855438232421875e-05,1.8358230590820312e-05
430,3.4332275390625e-05,1.8358230590820312e-05
431,3.361701965332031e-05,1.8358230590820312e-05
432,3.361701965332031e-05,1.8358230590820312e-05
433,3.4332275390625e-05,1.8358230590820312e-05
434,3.457069396972656e-05,1.8596649169921875e-05
435,3.457069396972656e-05,1.8358230590820312e-05
436,3.4809112548828125e-05,1.8596649169921875e-05
437,3.409385681152344e-05,1.8596649169921875e-05
438,3.504753112792969e-05,1.8596649169921875e-05
439,3.409385681152344e-05,1.8596649169921875e-05
440,3.457069396972656e-05,1.8835067749023438e-05
441,3.504753112792969e-05,1.8596649169921875e-05
442,3.504753112792969e-05,1.8835067749023438e-05
443,3.504753112792969e-05,1.8835067749023438e-05
444,3.528594970703125e-05,1.8835067749023438e-05
445,3.528594970703125e-05,1.8835067749023438e-05
446,3.600120544433594e-05,1.8835067749023438e-05
447,3.552436828613281e-05,1.8835067749023438e-05
448,3.552436828613281e-05,1.9073486328125e-05
449,3.5762786865234375e-05,1.9073486328125e-05
450,3.600120544433594e-05,1.9073486328125e-05
451,3.5762786865234375e-05,1.9073486328125e-05
452,3.5762786865234375e-05,1.9073486328125e-05
453,3.600120544433594e-05,1.9311904907226562e-05
454,3.647804260253906e-05,1.9311904907226562e-05
455,3.647804260253906e-05,1.9311904907226562e-05
456,3.600120544433594e-05,1.9311904907226562e-05
457,3.647804260253906e-05,1.9311904907226562e-05
458,3.6716461181640625e-05,1.9550323486328125e-05
459,3.6716461181640625e-05,1.9311904907226562e-05
460,3.6716461181640625e-05,1.9788742065429688e-05
461,3.62396240234375e-05,2.002716064453125e-05
462,3.719329833984375e-05,1.9788742065429688e-05
463,3.6716461181640625e-05,2.002716064453125e-05
464,3.719329833984375e-05,2.002716064453125e-05
465,3.695487976074219e-05,1.9550323486328125e-05
466,3.743171691894531e-05,2.002716064453125e-05
467,3.719329833984375e-05,1.9788742065429688e-05
468,3.7670135498046875e-05,2.002716064453125e-05
469,3.7670135498046875e-05,2.002716064453125e-05
470,3.7670135498046875e-05,2.002716064453125e-05
471,3.7670135498046875e-05,2.0265579223632812e-05
472,3.7670135498046875e-05,2.384185791015625e-05
473,4.029273986816406e-05,1.6450881958007812e-05
474,3.0994415283203125e-05,1.6689300537109375e-05
475,3.123283386230469e-05,1.6450881958007812e-05
476,3.075599670410156e-05,1.6689300537109375e-05
477,3.123283386230469e-05,1.6450881958007812e-05
478,3.0994415283203125e-05,1.6689300537109375e-05
479,3.123283386230469e-05,1.6689300537109375e-05
480,3.123283386230469e-05,1.6689300537109375e-05
481,3.147125244140625e-05,1.6450881958007812e-05
482,3.147125244140625e-05,1.6689300537109375e-05
483,3.147125244140625e-05,1.6927719116210938e-05
484,3.170967102050781e-05,1.6927719116210938e-05
485,3.170967102050781e-05,1.6689300537109375e-05
486,3.147125244140625e-05,1.6689300537109375e-05
487,3.1948089599609375e-05,1.6927719116210938e-05
488,3.170967102050781e-05,1.71661376953125e-05
489,3.1948089599609375e-05,1.6927719116210938e-05
490,3.218650817871094e-05,1.6927719116210938e-05
491,3.170967102050781e-05,1.6927719116210938e-05
492,3.218650817871094e-05,1.71661376953125e-05
493,3.218650817871094e-05,1.6927719116210938e-05
494,3.266334533691406e-05,1.71661376953125e-05
495,3.24249267578125e-05,1.71661376953125e-05
496,3.24249267578125e-05,1.71661376953125e-05
497,3.24249267578125e-05,1.71661376953125e-05
498,3.314018249511719e-05,1.71661376953125e-05
499,3.2901763916015625e-05,1.71661376953125e-05
500,3.24249267578125e-05,1.7404556274414062e-05
501,3.266334533691406e-05,1.7642974853515625e-05
502,3.2901763916015625e-05,1.7881393432617188e-05
503,3.314018249511719e-05,1.7404556274414062e-05
504,3.337860107421875e-05,1.7404556274414062e-05
505,3.3855438232421875e-05,1.7404556274414062e-05
506,3.314018249511719e-05,1.7642974853515625e-05
507,3.2901763916015625e-05,1.7404556274414062e-05
508,3.314018249511719e-05,1.7642974853515625e-05
509,3.337860107421875e-05,1.7404556274414062e-05
510,3.337860107421875e-05,1.7642974853515625e-05
511,3.314018249511719e-05,1.7642974853515625e-05
512,3.3855438232421875e-05,1.7881393432617188e-05
513,6.031990051269531e-05,1.7642974853515625e-05
514,3.3855438232421875e-05,1.7881393432617188e-05
515,3.409385681152344e-05,1.7881393432617188e-05
516,3.3855438232421875e-05,1.811981201171875e-05
517,3.4332275390625e-05,1.7881393432617188e-05
518,3.4332275390625e-05,1.7881393432617188e-05
519,3.457069396972656e-05,1.7881393432617188e-05
520,3.409385681152344e-05,1.7881393432617188e-05
521,3.4809112548828125e-05,1.7881393432617188e-05
522,3.457069396972656e-05,1.811981201171875e-05
523,3.504753112792969e-05,1.7881393432617188e-05
524,3.4809112548828125e-05,1.811981201171875e-05
525,3.457069396972656e-05,1.811981201171875e-05
526,3.528594970703125e-05,1.8596649169921875e-05
527,3.504753112792969e-05,1.9073486328125e-05
528,3.600120544433594e-05,1.8835067749023438e-05
529,3.504753112792969e-05,1.8358230590820312e-05
530,3.552436828613281e-05,1.8835067749023438e-05
531,3.5762786865234375e-05,1.8835067749023438e-05
532,3.552436828613281e-05,1.8596649169921875e-05
533,3.5762786865234375e-05,1.8835067749023438e-05
534,3.600120544433594e-05,1.8835067749023438e-05
535,3.600120544433594e-05,1.8835067749023438e-05
536,3.5762786865234375e-05,1.8835067749023438e-05
537,3.62396240234375e-05,1.8835067749023438e-05
538,3.647804260253906e-05,1.8835067749023438e-05
539,3.647804260253906e-05,1.8835067749023438e-05
540,3.647804260253906e-05,1.9073486328125e-05
541,3.62396240234375e-05,1.8835067749023438e-05
542,3.695487976074219e-05,2.8848648071289062e-05
543,5.412101745605469e-05,1.8835067749023438e-05
544,3.552436828613281e-05,1.9311904907226562e-05
545,3.5762786865234375e-05,1.8835067749023438e-05
546,3.62396240234375e-05,1.8835067749023438e-05
547,3.6716461181640625e-05,1.8835067749023438e-05
548,3.6716461181640625e-05,1.8835067749023438e-05
549,3.6716461181640625e-05,1.9073486328125e-05
550,3.6716461181640625e-05,1.9311904907226562e-05
551,3.647804260253906e-05,1.9073486328125e-05
552,3.695487976074219e-05,1.8835067749023438e-05
553,3.647804260253906e-05,1.9311904907226562e-05
554,3.719329833984375e-05,1.8835067749023438e-05
555,3.647804260253906e-05,1.9311904907226562e-05
556,3.695487976074219e-05,1.9073486328125e-05
557,3.6716461181640625e-05,1.9311904907226562e-05
558,3.743171691894531e-05,1.9073486328125e-05
559,3.695487976074219e-05,1.9311904907226562e-05
560,3.743171691894531e-05,1.9311904907226562e-05
561,3.695487976074219e-05,1.9311904907226562e-05
562,3.719329833984375e-05,1.9311904907226562e-05
563,3.743171691894531e-05,1.9311904907226562e-05
564,3.7670135498046875e-05,1.9311904907226562e-05
565,3.7670135498046875e-05,1.9311904907226562e-05
566,3.743171691894531e-05,1.9550323486328125e-05
567,3.790855407714844e-05,1.9311904907226562e-05
568,3.790855407714844e-05,1.9550323486328125e-05
569,3.814697265625e-05,1.9550323486328125e-05
570,3.790855407714844e-05,1.9311904907226562e-05
571,3.814697265625e-05,1.9550323486328125e-05
572,3.838539123535156e-05,1.9550323486328125e-05
573,3.814697265625e-05,1.9550323486328125e-05
574,3.838539123535156e-05,1.9550323486328125e-05
575,3.838539123535156e-05,1.9788742065429688e-05
576,3.838539123535156e-05,1.9788742065429688e-05
577,3.814697265625e-05,1.9550323486328125e-05
578,3.8623809814453125e-05,1.9550323486328125e-05
579,3.8623809814453125e-05,1.9788742065429688e-05
580,3.886222839355469e-05,1.9788742065429688e-05
581,5.221366882324219e-05,2.002716064453125e-05
582,3.886222839355469e-05,1.9788742065429688e-05
583,4.267692565917969e-05,2.002716064453125e-05
584,3.910064697265625e-05,2.002716064453125e-05
585,3.886222839355469e-05,2.002716064453125e-05
586,3.910064697265625e-05,2.0265579223632812e-05
587,3.886222839355469e-05,2.0265579223632812e-05
588,3.9577484130859375e-05,2.002716064453125e-05
589,3.933906555175781e-05,2.0265579223632812e-05
590,3.9577484130859375e-05,2.0265579223632812e-05
591,3.933906555175781e-05,2.002716064453125e-05
592,3.9577484130859375e-05,2.002716064453125e-05
593,3.981590270996094e-05,2.0265579223632812e-05
594,3.981590270996094e-05,2.0265579223632812e-05
595,3.981590270996094e-05,2.0265579223632812e-05
596,3.981590270996094e-05,2.0503997802734375e-05
597,3.981590270996094e-05,2.0503997802734375e-05
598,4.00543212890625e-05,2.0503997802734375e-05
599,3.981590270996094e-05,2.0742416381835938e-05
600,4.029273986816406e-05,2.0503997802734375e-05
601,4.00543212890625e-05,2.0503997802734375e-05
602,4.0531158447265625e-05,2.0503997802734375e-05
603,4.076957702636719e-05,2.0503997802734375e-05
604,4.0531158447265625e-05,2.0503997802734375e-05
605,4.0531158447265625e-05,2.0742416381835938e-05
606,4.076957702636719e-05,2.0503997802734375e-05
607,4.0531158447265625e-05,2.0742416381835938e-05
608,4.076957702636719e-05,2.0742416381835938e-05
609,4.100799560546875e-05,2.0503997802734375e-05
610,4.124641418457031e-05,2.0742416381835938e-05
611,4.1484832763671875e-05,2.09808349609375e-05
612,4.100799560546875e-05,2.1219253540039062e-05
613,4.100799560546875e-05,2.09808349609375e-05
614,4.1484832763671875e-05,2.09808349609375e-05
615,4.1484832763671875e-05,2.09808349609375e-05
616,4.172325134277344e-05,2.09808349609375e-05
617,5.1975250244140625e-05,2.1457672119140625e-05
618,4.1961669921875e-05,2.09808349609375e-05
619,4.1961669921875e-05,2.1457672119140625e-05
620,4.2438507080078125e-05,2.1457672119140625e-05
621,4.220008850097656e-05,2.1696090698242188e-05
622,4.291534423828125e-05,2.1457672119140625e-05
623,4.2438507080078125e-05,2.1457672119140625e-05
624,4.291534423828125e-05,2.1696090698242188e-05
625,4.220008850097656e-05,2.1696090698242188e-05
626,4.2438507080078125e-05,2.1696090698242188e-05
627,4.267692565917969e-05,2.193450927734375e-05
628,4.267692565917969e-05,2.2411346435546875e-05
629,4.291534423828125e-05,2.193450927734375e-05
630,4.315376281738281e-05,2.193450927734375e-05
631,4.363059997558594e-05,2.574920654296875e-05
632,4.315376281738281e-05,2.2172927856445312e-05
633,4.3392181396484375e-05,2.193450927734375e-05
634,4.315376281738281e-05,2.2172927856445312e-05
635,4.3392181396484375e-05,2.193450927734375e-05
636,4.3392181396484375e-05,2.2411346435546875e-05
637,4.3392181396484375e-05,2.2172927856445312e-05
638,4.363059997558594e-05,2.2172927856445312e-05
639,4.363059997558594e-05,2.2172927856445312e-05
640,4.38690185546875e-05,2.2411346435546875e-05
641,4.410743713378906e-05,3.647804260253906e-05
642,4.3392181396484375e-05,2.2411346435546875e-05
643,4.38690185546875e-05,2.2172927856445312e-05
644,4.3392181396484375e-05,2.2172927856445312e-05
645,4.38690185546875e-05,2.193450927734375e-05
646,4.363059997558594e-05,2.2172927856445312e-05
647,4.363059997558594e-05,2.2172927856445312e-05
648,4.38690185546875e-05,2.2172927856445312e-05
649,4.363059997558594e-05,2.2411346435546875e-05
650,4.410743713378906e-05,2.2172927856445312e-05
651,4.410743713378906e-05,2.2172927856445312e-05
652,4.38690185546875e-05,2.2411346435546875e-05
653,4.410743713378906e-05,2.2649765014648438e-05
654,4.410743713378906e-05,2.2649765014648438e-05
655,4.410743713378906e-05,2.2411346435546875e-05
656,4.410743713378906e-05,2.2649765014648438e-05
657,4.458427429199219e-05,2.2649765014648438e-05
658,4.458427429199219e-05,2.288818359375e-05
659,4.458427429199219e-05,2.2649765014648438e-05
660,4.4345855712890625e-05,2.2649765014648438e-05
661,4.482269287109375e-05,2.2649765014648438e-05
662,4.482269287109375e-05,2.2649765014648438e-05
663,4.458427429199219e-05,2.2649765014648438e-05
664,4.553794860839844e-05,2.288818359375e-05
665,4.482269287109375e-05,2.288818359375e-05
666,4.5299530029296875e-05,2.2649765014648438e-05
667,4.553794860839844e-05,2.3126602172851562e-05
668,4.57763671875e-05,2.288818359375e-05
669,4.5299530029296875e-05,2.3126602172851562e-05
670,4.553794860839844e-05,2.3126602172851562e-05
671,4.5299530029296875e-05,2.3126602172851562e-05
672,4.57763671875e-05,2.3126602172851562e-05
673,4.57763671875e-05,2.3126602172851562e-05
674,4.601478576660156e-05,2.3365020751953125e-05
675,4.553794860839844e-05,2.3126602172851562e-05
676,4.9114227294921875e-05,2.3603439331054688e-05
677,4.601478576660156e-05,2.3365020751953125e-05
678,4.601478576660156e-05,2.3603439331054688e-05
679,4.6253204345703125e-05,2.3365020751953125e-05
680,4.6253204345703125e-05,2.384185791015625e-05
681,4.601478576660156e-05,2.3603439331054688e-05
682,4.649162292480469e-05,2.3365020751953125e-05
683,4.601478576660156e-05,2.384185791015625e-05
684,4.649162292480469e-05,2.384185791015625e-05
685,4.6253204345703125e-05,2.3603439331054688e-05
686,4.649162292480469e-05,2.384185791015625e-05
687,4.649162292480469e-05,2.3603439331054688e-05
688,4.696846008300781e-05,2.3603439331054688e-05
689,4.673004150390625e-05,2.3603439331054688e-05
690,4.673004150390625e-05,2.3603439331054688e-05
691,6.580352783203125e-05,2.3603439331054688e-05
692,4.673004150390625e-05,2.3603439331054688e-05
693,4.744529724121094e-05,2.384185791015625e-05
694,4.673004150390625e-05,2.384185791015625e-05
695,4.744529724121094e-05,2.384185791015625e-05
696,4.744529724121094e-05,2.4080276489257812e-05
697,5.650520324707031e-05,2.4080276489257812e-05
698,4.76837158203125e-05,2.4080276489257812e-05
699,4.76837158203125e-05,2.4080276489257812e-05
700,4.8160552978515625e-05,2.4080276489257812e-05
701,4.792213439941406e-05,2.4080276489257812e-05
702,4.76837158203125e-05,2.4080276489257812e-05
703,4.792213439941406e-05,2.4318695068359375e-05
704,4.839897155761719e-05,2.4318695068359375e-05
705,4.839897155761719e-05,2.4318695068359375e-05
706,4.8160552978515625e-05,2.4557113647460938e-05
707,4.839897155761719e-05,2.4318695068359375e-05
708,4.8160552978515625e-05,2.4318695068359375e-05
709,4.863739013671875e-05,2.4080276489257812e-05
710,6.723403930664062e-05,2.4318695068359375e-05
711,4.887580871582031e-05,2.4318695068359375e-05
712,4.863739013671875e-05,2.4557113647460938e-05
713,4.9114227294921875e-05,2.4318695068359375e-05
714,4.863739013671875e-05,2.4557113647460938e-05
715,4.9114227294921875e-05,2.4557113647460938e-05
716,4.863739013671875e-05,2.4318695068359375e-05
717,4.887580871582031e-05,2.6702880859375e-05
718,4.887580871582031e-05,2.4557113647460938e-05
719,4.935264587402344e-05,2.47955322265625e-05
720,4.935264587402344e-05,2.47955322265625e-05
721,4.9591064453125e-05,2.47955322265625e-05
722,4.935264587402344e-05,2.5033950805664062e-05
723,4.9114227294921875e-05,2.47955322265625e-05
724,4.982948303222656e-05,2.5033950805664062e-05
725,4.9591064453125e-05,2.47955322265625e-05
726,4.982948303222656e-05,2.5033950805664062e-05
727,4.9591064453125e-05,2.47955322265625e-05
728,4.9591064453125e-05,2.47955322265625e-05
729,4.9591064453125e-05,2.47955322265625e-05
730,5.054473876953125e-05,2.5033950805664062e-05
731,5.0067901611328125e-05,2.47955322265625e-05
732,5.030632019042969e-05,2.5272369384765625e-05
733,5.054473876953125e-05,2.47955322265625e-05
734,5.0067901611328125e-05,2.47955322265625e-05
735,5.030632019042969e-05,2.5272369384765625e-05
736,5.030632019042969e-05,2.5272369384765625e-05
737,5.030632019042969e-05,2.5510787963867188e-05
738,5.054473876953125e-05,2.5510787963867188e-05
739,5.054473876953125e-05,2.574920654296875e-05
740,5.054473876953125e-05,2.574920654296875e-05
741,5.078315734863281e-05,2.5510787963867188e-05
742,5.030632019042969e-05,2.5510787963867188e-05
743,6.031990051269531e-05,2.5510787963867188e-05
744,5.1021575927734375e-05,2.5510787963867188e-05
745,5.14984130859375e-05,2.574920654296875e-05
746,5.078315734863281e-05,2.574920654296875e-05
747,5.14984130859375e-05,2.5510787963867188e-05
748,7.534027099609375e-05,2.574920654296875e-05
749,5.14984130859375e-05,2.5510787963867188e-05
750,5.125999450683594e-05,2.5510787963867188e-05
751,5.1975250244140625e-05,2.5510787963867188e-05
752,5.173683166503906e-05,2.574920654296875e-05
753,5.14984130859375e-05,2.574920654296875e-05
754,5.173683166503906e-05,2.5987625122070312e-05
755,5.173683166503906e-05,2.5510787963867188e-05
756,5.1975250244140625e-05,2.574920654296875e-05
757,5.53131103515625e-05,2.574920654296875e-05
758,5.221366882324219e-05,2.5987625122070312e-05
759,5.221366882324219e-05,2.574920654296875e-05
760,5.221366882324219e-05,2.5987625122070312e-05
761,5.1975250244140625e-05,2.574920654296875e-05
762,5.221366882324219e-05,2.574920654296875e-05
763,5.269050598144531e-05,2.5987625122070312e-05
764,5.221366882324219e-05,2.574920654296875e-05
765,5.245208740234375e-05,2.574920654296875e-05
766,5.269050598144531e-05,2.6226043701171875e-05
767,5.316734313964844e-05,2.5987625122070312e-05
768,5.269050598144531e-05,2.6226043701171875e-05
769,5.316734313964844e-05,2.6226043701171875e-05
770,5.316734313964844e-05,2.6464462280273438e-05
771,5.2928924560546875e-05,2.6226043701171875e-05
772,5.2928924560546875e-05,2.6464462280273438e-05
773,5.316734313964844e-05,2.6702880859375e-05
774,5.316734313964844e-05,2.6464462280273438e-05
775,5.316734313964844e-05,2.6464462280273438e-05
776,7.224082946777344e-05,2.6702880859375e-05
777,5.364418029785156e-05,2.6464462280273438e-05
778,5.340576171875e-05,2.6702880859375e-05
779,5.364418029785156e-05,2.6464462280273438e-05
780,5.340576171875e-05,2.6702880859375e-05
781,5.364418029785156e-05,2.6702880859375e-05
782,5.4836273193359375e-05,2.6702880859375e-05
783,5.435943603515625e-05,2.6464462280273438e-05
784,5.3882598876953125e-05,2.6702880859375e-05
785,5.412101745605469e-05,2.6464462280273438e-05
786,6.413459777832031e-05,3.600120544433594e-05
787,5.435943603515625e-05,2.6464462280273438e-05
788,5.507469177246094e-05,2.6941299438476562e-05
789,5.435943603515625e-05,2.6702880859375e-05
790,5.435943603515625e-05,2.6941299438476562e-05
791,5.459785461425781e-05,2.6941299438476562e-05
792,5.459785461425781e-05,2.7179718017578125e-05
793,5.459785461425781e-05,2.7179718017578125e-05
794,5.412101745605469e-05,4.124641418457031e-05
795,5.435943603515625e-05,4.839897155761719e-05
796,5.507469177246094e-05,2.765655517578125e-05
797,5.507469177246094e-05,2.7418136596679688e-05
798,5.4836273193359375e-05,2.7179718017578125e-05
799,5.507469177246094e-05,3.743171691894531e-05
800,5.53131103515625e-05,3.814697265625e-05
801,6.413459777832031e-05,2.7418136596679688e-05
802,5.53131103515625e-05,2.7418136596679688e-05
803,5.5789947509765625e-05,2.7179718017578125e-05
804,5.5789947509765625e-05,2.7418136596679688e-05
805,5.53131103515625e-05,2.765655517578125e-05
806,5.602836608886719e-05,2.765655517578125e-05
807,5.5789947509765625e-05,2.765655517578125e-05
808,5.5789947509765625e-05,2.765655517578125e-05
809,5.626678466796875e-05,2.765655517578125e-05
810,5.626678466796875e-05,2.765655517578125e-05
811,5.555152893066406e-05,2.765655517578125e-05
812,5.5789947509765625e-05,2.7894973754882812e-05
813,5.626678466796875e-05,2.765655517578125e-05
814,5.602836608886719e-05,2.7894973754882812e-05
815,5.650520324707031e-05,2.7894973754882812e-05
816,5.650520324707031e-05,2.7894973754882812e-05
817,5.650520324707031e-05,2.8133392333984375e-05
818,5.650520324707031e-05,2.7894973754882812e-05
819,5.626678466796875e-05,2.7894973754882812e-05
820,5.698204040527344e-05,2.8133392333984375e-05
821,5.650520324707031e-05,2.8371810913085938e-05
822,5.698204040527344e-05,2.7894973754882812e-05
823,5.698204040527344e-05,2.8371810913085938e-05
824,5.698204040527344e-05,2.7894973754882812e-05
825,5.698204040527344e-05,2.8371810913085938e-05
826,5.698204040527344e-05,2.8133392333984375e-05
827,5.698204040527344e-05,2.8371810913085938e-05
828,5.7697296142578125e-05,2.8133392333984375e-05
829,5.698204040527344e-05,3.0517578125e-05
830,5.793571472167969e-05,2.8133392333984375e-05
831,5.793571472167969e-05,2.86102294921875e-05
832,5.817413330078125e-05,2.8371810913085938e-05
833,5.745887756347656e-05,2.8371810913085938e-05
834,5.817413330078125e-05,2.8848648071289062e-05
835,5.7697296142578125e-05,4.76837158203125e-05
836,5.841255187988281e-05,2.86102294921875e-05
837,5.793571472167969e-05,2.86102294921875e-05
838,5.793571472167969e-05,2.8848648071289062e-05
839,5.7697296142578125e-05,2.8848648071289062e-05
840,7.081031799316406e-05,2.86102294921875e-05
841,5.8650970458984375e-05,2.86102294921875e-05
842,5.817413330078125e-05,2.86102294921875e-05
843,5.8650970458984375e-05,2.86102294921875e-05
844,5.888938903808594e-05,2.86102294921875e-05
845,5.8650970458984375e-05,2.8848648071289062e-05
846,5.817413330078125e-05,2.8848648071289062e-05
847,6.937980651855469e-05,3.743171691894531e-05
848,5.91278076171875e-05,2.8848648071289062e-05
849,5.888938903808594e-05,2.8848648071289062e-05
850,6.008148193359375e-05,2.9087066650390625e-05
851,5.888938903808594e-05,2.8848648071289062e-05
852,5.888938903808594e-05,2.8848648071289062e-05
853,5.888938903808594e-05,2.9087066650390625e-05
854,5.936622619628906e-05,2.9087066650390625e-05
855,5.936622619628906e-05,2.9087066650390625e-05
856,5.984306335449219e-05,2.9325485229492188e-05
857,5.936622619628906e-05,2.9087066650390625e-05
858,5.984306335449219e-05,2.9325485229492188e-05
859,5.984306335449219e-05,2.9325485229492188e-05
860,5.9604644775390625e-05,2.9087066650390625e-05
861,5.9604644775390625e-05,2.9325485229492188e-05
862,5.984306335449219e-05,2.956390380859375e-05
863,6.318092346191406e-05,2.956390380859375e-05
864,6.031990051269531e-05,2.9802322387695312e-05
865,6.031990051269531e-05,2.9325485229492188e-05
866,6.008148193359375e-05,3.0040740966796875e-05
867,6.008148193359375e-05,2.956390380859375e-05
868,6.0558319091796875e-05,2.9802322387695312e-05
869,5.984306335449219e-05,2.9802322387695312e-05
870,6.031990051269531e-05,3.0040740966796875e-05
871,6.031990051269531e-05,3.0040740966796875e-05
872,6.079673767089844e-05,2.9802322387695312e-05
873,6.031990051269531e-05,3.0040740966796875e-05
874,6.0558319091796875e-05,2.9802322387695312e-05
875,6.079673767089844e-05,3.0517578125e-05
876,6.222724914550781e-05,2.9802322387695312e-05
877,6.0558319091796875e-05,2.9802322387695312e-05
878,6.151199340820312e-05,3.0040740966796875e-05
879,6.0558319091796875e-05,2.9802322387695312e-05
880,6.127357482910156e-05,3.0279159545898438e-05
881,6.127357482910156e-05,3.0040740966796875e-05
882,6.127357482910156e-05,4.458427429199219e-05
883,6.127357482910156e-05,3.0040740966796875e-05
884,6.198883056640625e-05,3.0279159545898438e-05
885,6.151199340820312e-05,3.0040740966796875e-05
886,6.222724914550781e-05,3.0279159545898438e-05
887,6.151199340820312e-05,3.0040740966796875e-05
888,6.222724914550781e-05,3.0040740966796875e-05
889,6.198883056640625e-05,3.0279159545898438e-05
890,6.175041198730469e-05,3.0279159545898438e-05
891,6.198883056640625e-05,3.0517578125e-05
892,6.222724914550781e-05,3.0517578125e-05
893,6.198883056640625e-05,3.0517578125e-05
894,6.246566772460938e-05,3.0517578125e-05
895,6.341934204101562e-05,3.0517578125e-05
896,6.4849853515625e-05,3.0517578125e-05
897,6.222724914550781e-05,3.075599670410156e-05
898,6.389617919921875e-05,3.075599670410156e-05
899,6.270408630371094e-05,3.0279159545898438e-05
900,6.270408630371094e-05,3.0517578125e-05
901,6.270408630371094e-05,3.075599670410156e-05
902,6.318092346191406e-05,3.075599670410156e-05
903,6.29425048828125e-05,3.0517578125e-05
904,6.270408630371094e-05,3.075599670410156e-05
905,6.318092346191406e-05,3.075599670410156e-05
906,6.437301635742188e-05,3.123283386230469e-05
907,6.365776062011719e-05,3.0994415283203125e-05
908,6.318092346191406e-05,3.123283386230469e-05
909,6.318092346191406e-05,3.123283386230469e-05
910,6.318092346191406e-05,3.123283386230469e-05
911,6.29425048828125e-05,3.123283386230469e-05
912,6.413459777832031e-05,3.123283386230469e-05
913,6.341934204101562e-05,3.123283386230469e-05
914,6.365776062011719e-05,3.123283386230469e-05
915,6.341934204101562e-05,3.123283386230469e-05
916,6.389617919921875e-05,3.123283386230469e-05
917,6.365776062011719e-05,3.123283386230469e-05
918,6.461143493652344e-05,3.123283386230469e-05
919,6.365776062011719e-05,3.123283386230469e-05
920,6.4849853515625e-05,3.123283386230469e-05
921,6.365776062011719e-05,3.147125244140625e-05
922,6.389617919921875e-05,3.170967102050781e-05
923,6.365776062011719e-05,4.6253204345703125e-05
924,6.4849853515625e-05,3.123283386230469e-05
925,6.4849853515625e-05,3.147125244140625e-05
926,6.4849853515625e-05,3.147125244140625e-05
927,6.508827209472656e-05,3.170967102050781e-05
928,6.67572021484375e-05,3.147125244140625e-05
929,6.556510925292969e-05,3.170967102050781e-05
930,6.508827209472656e-05,3.170967102050781e-05
931,6.628036499023438e-05,3.147125244140625e-05
932,6.532669067382812e-05,3.170967102050781e-05
933,6.556510925292969e-05,3.1948089599609375e-05
934,6.532669067382812e-05,3.1948089599609375e-05
935,9.393692016601562e-05,4.076957702636719e-05
936,6.508827209472656e-05,4.172325134277344e-05
937,6.556510925292969e-05,3.170967102050781e-05
938,6.532669067382812e-05,3.170967102050781e-05
939,6.604194641113281e-05,3.218650817871094e-05
940,6.628036499023438e-05,3.170967102050781e-05
941,6.556510925292969e-05,3.1948089599609375e-05
942,6.532669067382812e-05,3.218650817871094e-05
943,6.556510925292969e-05,3.218650817871094e-05
944,6.580352783203125e-05,3.218650817871094e-05
945,6.580352783203125e-05,3.24249267578125e-05
946,6.508827209472656e-05,3.24249267578125e-05
947,6.580352783203125e-05,3.24249267578125e-05
948,6.628036499023438e-05,3.218650817871094e-05
949,6.699562072753906e-05,5.841255187988281e-05
950,0.00010442733764648438,4.124641418457031e-05
951,8.845329284667969e-05,6.341934204101562e-05
952,9.489059448242188e-05,4.1484832763671875e-05
953,8.58306884765625e-05,5.14984130859375e-05
954,7.534027099609375e-05,4.363059997558594e-05
955,7.772445678710938e-05,5.14984130859375e-05
956,8.988380432128906e-05,6.628036499023438e-05
957,8.058547973632812e-05,3.457069396972656e-05
958,6.985664367675781e-05,3.528594970703125e-05
959,8.058547973632812e-05,4.410743713378906e-05
960,6.818771362304688e-05,3.361701965332031e-05
961,6.890296936035156e-05,3.4332275390625e-05
962,6.914138793945312e-05,3.3855438232421875e-05
963,7.176399230957031e-05,3.933906555175781e-05
964,7.128715515136719e-05,3.457069396972656e-05
965,8.0108642578125e-05,3.409385681152344e-05
966,6.842613220214844e-05,3.3855438232421875e-05
967,6.985664367675781e-05,3.3855438232421875e-05
968,6.842613220214844e-05,3.3855438232421875e-05
969,6.794929504394531e-05,3.4809112548828125e-05
970,6.794929504394531e-05,3.457069396972656e-05
971,6.842613220214844e-05,3.4809112548828125e-05
972,7.891654968261719e-05,3.2901763916015625e-05
973,6.818771362304688e-05,3.314018249511719e-05
974,6.818771362304688e-05,3.314018249511719e-05
975,6.842613220214844e-05,3.314018249511719e-05
976,6.890296936035156e-05,3.337860107421875e-05
977,6.890296936035156e-05,3.337860107421875e-05
978,6.818771362304688e-05,3.337860107421875e-05
979,6.866455078125e-05,3.314018249511719e-05
980,6.866455078125e-05,3.361701965332031e-05
981,6.914138793945312e-05,3.337860107421875e-05
982,6.914138793945312e-05,3.361701965332031e-05
983,6.890296936035156e-05,3.314018249511719e-05
984,9.202957153320312e-05,3.361701965332031e-05
985,6.914138793945312e-05,3.337860107421875e-05
986,6.961822509765625e-05,3.361701965332031e-05
987,6.914138793945312e-05,3.361701965332031e-05
988,6.961822509765625e-05,3.361701965332031e-05
989,6.937980651855469e-05,3.361701965332031e-05
990,6.961822509765625e-05,3.3855438232421875e-05
991,6.914138793945312e-05,3.457069396972656e-05
992,6.985664367675781e-05,3.457069396972656e-05
993,6.914138793945312e-05,3.457069396972656e-05
994,6.985664367675781e-05,3.4332275390625e-05
995,9.107589721679688e-05,3.528594970703125e-05
996,7.891654968261719e-05,3.457069396972656e-05
997,6.985664367675781e-05,3.4332275390625e-05
998,6.961822509765625e-05,3.457069396972656e-05
999,7.009506225585938e-05,3.457069396972656e-05
1000,7.009506225585938e-05,3.4332275390625e-05
