1,2.86102294921875e-06,1.1920928955078125e-06,1.1920928955078125e-06
2,3.814697265625e-06,4.76837158203125e-06,5.245208740234375e-06
3,3.814697265625e-06,3.5762786865234375e-06,3.5762786865234375e-06
4,4.0531158447265625e-06,3.5762786865234375e-06,3.814697265625e-06
5,4.5299530029296875e-06,4.0531158447265625e-06,4.5299530029296875e-06
6,5.245208740234375e-06,4.291534423828125e-06,5.245208740234375e-06
7,5.7220458984375e-06,4.76837158203125e-06,5.9604644775390625e-06
8,6.198883056640625e-06,5.4836273193359375e-06,6.4373016357421875e-06
9,7.3909759521484375e-06,6.198883056640625e-06,7.3909759521484375e-06
10,8.106231689453125e-06,6.67572021484375e-06,8.106231689453125e-06
11,8.821487426757812e-06,7.152557373046875e-06,8.58306884765625e-06
12,9.5367431640625e-06,7.867813110351562e-06,9.5367431640625e-06
13,1.049041748046875e-05,8.344650268554688e-06,1.0251998901367188e-05
14,1.1205673217773438e-05,9.059906005859375e-06,1.0967254638671875e-05
15,1.1920928955078125e-05,9.5367431640625e-06,1.1920928955078125e-05
16,1.239776611328125e-05,1.0013580322265625e-05,1.2636184692382812e-05
17,1.33514404296875e-05,1.0728836059570312e-05,1.33514404296875e-05
18,1.430511474609375e-05,1.1205673217773438e-05,1.430511474609375e-05
19,1.5735626220703125e-05,1.1682510375976562e-05,1.5020370483398438e-05
20,1.5497207641601562e-05,1.2636184692382812e-05,1.5497207641601562e-05
21,1.6450881958007812e-05,1.3113021850585938e-05,1.5974044799804688e-05
22,1.7404556274414062e-05,1.3828277587890625e-05,1.7881393432617188e-05
23,1.811981201171875e-05,1.430511474609375e-05,1.811981201171875e-05
24,1.8835067749023438e-05,1.4781951904296875e-05,1.8835067749023438e-05
25,1.9311904907226562e-05,1.52587890625e-05,1.9550323486328125e-05
26,2.0265579223632812e-05,1.5974044799804688e-05,2.002716064453125e-05
27,2.1219253540039062e-05,1.6450881958007812e-05,2.193450927734375e-05
28,2.193450927734375e-05,1.7404556274414062e-05,2.2172927856445312e-05
29,2.2411346435546875e-05,1.7404556274414062e-05,2.2411346435546875e-05
30,2.3603439331054688e-05,1.8358230590820312e-05,2.3603439331054688e-05
31,2.4557113647460938e-05,1.8358230590820312e-05,2.4080276489257812e-05
32,2.47955322265625e-05,1.9073486328125e-05,2.4318695068359375e-05
33,2.5987625122070312e-05,1.9788742065429688e-05,2.5272369384765625e-05
34,2.6702880859375e-05,2.0503997802734375e-05,2.6702880859375e-05
35,2.7179718017578125e-05,2.0503997802734375e-05,2.6702880859375e-05
36,2.7894973754882812e-05,2.0742416381835938e-05,2.6941299438476562e-05
37,2.8848648071289062e-05,2.1696090698242188e-05,2.8133392333984375e-05
38,3.600120544433594e-05,2.2172927856445312e-05,2.956390380859375e-05
39,3.0279159545898438e-05,2.288818359375e-05,2.9325485229492188e-05
40,3.123283386230469e-05,2.3603439331054688e-05,2.9802322387695312e-05
41,4.029273986816406e-05,1.1920928955078125e-05,1.5497207641601562e-05
42,1.6689300537109375e-05,1.239776611328125e-05,1.5974044799804688e-05
43,2.1696090698242188e-05,2.1457672119140625e-05,2.1219253540039062e-05
44,1.6927719116210938e-05,1.3828277587890625e-05,1.6450881958007812e-05
45,1.811981201171875e-05,1.33514404296875e-05,1.6689300537109375e-05
46,1.811981201171875e-05,1.33514404296875e-05,2.5510787963867188e-05
47,1.8358230590820312e-05,1.3589859008789062e-05,2.6226043701171875e-05
48,1.8596649169921875e-05,1.4066696166992188e-05,1.7881393432617188e-05
49,1.8835067749023438e-05,1.4066696166992188e-05,1.811981201171875e-05
50,1.9550323486328125e-05,1.430511474609375e-05,1.8596649169921875e-05
51,1.9788742065429688e-05,1.4543533325195312e-05,1.8835067749023438e-05
52,2.002716064453125e-05,1.5020370483398438e-05,1.9311904907226562e-05
53,2.002716064453125e-05,1.4781951904296875e-05,1.9550323486328125e-05
54,2.09808349609375e-05,1.52587890625e-05,1.9788742065429688e-05
55,2.09808349609375e-05,1.5735626220703125e-05,2.0265579223632812e-05
56,2.1219253540039062e-05,1.5735626220703125e-05,2.0742416381835938e-05
57,2.1696090698242188e-05,1.5974044799804688e-05,2.0742416381835938e-05
58,2.2172927856445312e-05,1.621246337890625e-05,2.1219253540039062e-05
59,2.2649765014648438e-05,1.6927719116210938e-05,2.1696090698242188e-05
60,2.3126602172851562e-05,1.6689300537109375e-05,2.193450927734375e-05
61,2.3365020751953125e-05,1.71661376953125e-05,2.2172927856445312e-05
62,2.3603439331054688e-05,1.71661376953125e-05,2.2411346435546875e-05
63,2.4080276489257812e-05,1.7642974853515625e-05,2.288818359375e-05
64,2.4318695068359375e-05,1.7642974853515625e-05,2.3126602172851562e-05
65,2.4557113647460938e-05,1.8358230590820312e-05,2.3365020751953125e-05
66,2.5272369384765625e-05,1.8358230590820312e-05,2.4080276489257812e-05
67,2.5987625122070312e-05,1.8596649169921875e-05,2.4557113647460938e-05
68,2.5987625122070312e-05,1.9073486328125e-05,2.4557113647460938e-05
69,2.6226043701171875e-05,1.9311904907226562e-05,2.5272369384765625e-05
70,2.6702880859375e-05,1.9550323486328125e-05,2.5987625122070312e-05
71,2.6941299438476562e-05,2.0265579223632812e-05,2.6226043701171875e-05
72,2.7418136596679688e-05,2.0265579223632812e-05,2.6464462280273438e-05
73,2.765655517578125e-05,2.0503997802734375e-05,2.6702880859375e-05
74,2.9087066650390625e-05,2.1219253540039062e-05,2.7894973754882812e-05
75,2.8848648071289062e-05,2.1696090698242188e-05,2.765655517578125e-05
76,2.8848648071289062e-05,2.1219253540039062e-05,2.8371810913085938e-05
77,2.9087066650390625e-05,2.1696090698242188e-05,4.601478576660156e-05
78,3.0994415283203125e-05,2.3365020751953125e-05,2.9802322387695312e-05
79,3.0994415283203125e-05,2.288818359375e-05,3.075599670410156e-05
80,7.796287536621094e-05,1.7404556274414062e-05,2.1219253540039062e-05
81,2.288818359375e-05,1.8358230590820312e-05,2.193450927734375e-05
82,2.2649765014648438e-05,1.6689300537109375e-05,2.2649765014648438e-05
83,2.2649765014648438e-05,1.6689300537109375e-05,2.1457672119140625e-05
84,2.288818359375e-05,1.7642974853515625e-05,2.2411346435546875e-05
85,4.315376281738281e-05,1.6927719116210938e-05,2.2172927856445312e-05
86,2.3365020751953125e-05,1.6927719116210938e-05,2.2172927856445312e-05
87,2.3365020751953125e-05,1.7404556274414062e-05,2.2411346435546875e-05
88,2.3603439331054688e-05,1.71661376953125e-05,2.288818359375e-05
89,2.4080276489257812e-05,1.7642974853515625e-05,2.288818359375e-05
90,2.4557113647460938e-05,1.7881393432617188e-05,2.3365020751953125e-05
91,2.47955322265625e-05,1.811981201171875e-05,2.3365020751953125e-05
92,2.5033950805664062e-05,1.811981201171875e-05,2.384185791015625e-05
93,2.5033950805664062e-05,1.811981201171875e-05,2.384185791015625e-05
94,2.5510787963867188e-05,1.8596649169921875e-05,2.4318695068359375e-05
95,2.574920654296875e-05,1.8596649169921875e-05,2.4318695068359375e-05
96,2.5987625122070312e-05,1.9073486328125e-05,2.4318695068359375e-05
97,2.5987625122070312e-05,1.9311904907226562e-05,2.5033950805664062e-05
98,2.6702880859375e-05,1.9550323486328125e-05,2.5272369384765625e-05
99,2.6702880859375e-05,1.9311904907226562e-05,2.5272369384765625e-05
100,2.7179718017578125e-05,2.002716064453125e-05,2.5510787963867188e-05
101,2.7418136596679688e-05,1.9788742065429688e-05,2.574920654296875e-05
102,2.765655517578125e-05,2.002716064453125e-05,2.6226043701171875e-05
103,2.7894973754882812e-05,2.0265579223632812e-05,2.6464462280273438e-05
104,2.8133392333984375e-05,2.0503997802734375e-05,2.6702880859375e-05
105,2.8371810913085938e-05,2.0742416381835938e-05,2.7179718017578125e-05
106,2.8848648071289062e-05,2.0742416381835938e-05,2.7179718017578125e-05
107,2.9087066650390625e-05,2.1219253540039062e-05,2.7418136596679688e-05
108,2.3126602172851562e-05,2.1219253540039062e-05,2.765655517578125e-05
109,2.3365020751953125e-05,2.1219253540039062e-05,2.7894973754882812e-05
110,2.3603439331054688e-05,2.1696090698242188e-05,2.8371810913085938e-05
111,2.384185791015625e-05,2.1696090698242188e-05,2.8371810913085938e-05
112,2.4080276489257812e-05,2.193450927734375e-05,2.86102294921875e-05
113,2.4318695068359375e-05,2.2172927856445312e-05,2.8848648071289062e-05
114,2.4557113647460938e-05,2.2411346435546875e-05,2.9087066650390625e-05
115,2.4557113647460938e-05,2.2411346435546875e-05,2.9325485229492188e-05
116,2.574920654296875e-05,2.3365020751953125e-05,3.0040740966796875e-05
117,2.5272369384765625e-05,2.288818359375e-05,3.0040740966796875e-05
118,2.5272369384765625e-05,2.3365020751953125e-05,3.0040740966796875e-05
119,2.574920654296875e-05,2.288818359375e-05,3.0279159545898438e-05
120,2.574920654296875e-05,2.3603439331054688e-05,3.075599670410156e-05
121,2.5987625122070312e-05,2.3603439331054688e-05,3.0994415283203125e-05
122,2.6226043701171875e-05,2.384185791015625e-05,3.0994415283203125e-05
123,2.6464462280273438e-05,2.384185791015625e-05,3.123283386230469e-05
124,2.6702880859375e-05,2.4318695068359375e-05,3.170967102050781e-05
125,2.6941299438476562e-05,2.4318695068359375e-05,3.1948089599609375e-05
126,2.7179718017578125e-05,2.4557113647460938e-05,3.695487976074219e-05
127,2.765655517578125e-05,2.47955322265625e-05,3.24249267578125e-05
128,2.765655517578125e-05,2.5033950805664062e-05,3.266334533691406e-05
129,2.8133392333984375e-05,2.5510787963867188e-05,3.2901763916015625e-05
130,2.7894973754882812e-05,2.5510787963867188e-05,3.361701965332031e-05
131,2.8371810913085938e-05,2.5987625122070312e-05,3.361701965332031e-05
132,2.8371810913085938e-05,2.5987625122070312e-05,3.3855438232421875e-05
133,2.8848648071289062e-05,2.6941299438476562e-05,3.4332275390625e-05
134,2.9087066650390625e-05,2.5987625122070312e-05,3.4332275390625e-05
135,2.9325485229492188e-05,2.6464462280273438e-05,3.457069396972656e-05
136,2.9325485229492188e-05,2.6702880859375e-05,3.4809112548828125e-05
137,2.956390380859375e-05,2.6941299438476562e-05,3.4809112548828125e-05
138,2.9802322387695312e-05,2.7179718017578125e-05,3.552436828613281e-05
139,3.0040740966796875e-05,2.7418136596679688e-05,3.552436828613281e-05
140,3.0279159545898438e-05,2.7418136596679688e-05,3.5762786865234375e-05
141,3.0517578125e-05,2.765655517578125e-05,3.600120544433594e-05
142,3.075599670410156e-05,2.8133392333984375e-05,3.6716461181640625e-05
143,3.075599670410156e-05,2.8133392333984375e-05,3.647804260253906e-05
144,3.075599670410156e-05,2.8371810913085938e-05,3.695487976074219e-05
145,3.123283386230469e-05,2.86102294921875e-05,3.719329833984375e-05
146,3.147125244140625e-05,2.8848648071289062e-05,3.7670135498046875e-05
147,3.170967102050781e-05,2.8848648071289062e-05,3.790855407714844e-05
148,3.1948089599609375e-05,2.956390380859375e-05,3.814697265625e-05
149,3.218650817871094e-05,2.9087066650390625e-05,3.838539123535156e-05
150,3.24249267578125e-05,2.9802322387695312e-05,3.8623809814453125e-05
151,3.266334533691406e-05,3.0040740966796875e-05,3.910064697265625e-05
152,3.2901763916015625e-05,3.0040740966796875e-05,3.933906555175781e-05
153,3.314018249511719e-05,3.0040740966796875e-05,3.933906555175781e-05
154,3.314018249511719e-05,3.075599670410156e-05,3.981590270996094e-05
155,3.337860107421875e-05,3.0517578125e-05,3.981590270996094e-05
156,3.3855438232421875e-05,3.075599670410156e-05,4.029273986816406e-05
157,3.409385681152344e-05,3.0994415283203125e-05,4.0531158447265625e-05
158,3.4332275390625e-05,3.123283386230469e-05,4.076957702636719e-05
159,3.4332275390625e-05,3.170967102050781e-05,4.124641418457031e-05
160,3.457069396972656e-05,3.147125244140625e-05,4.1484832763671875e-05
161,3.504753112792969e-05,3.1948089599609375e-05,4.1484832763671875e-05
162,3.528594970703125e-05,3.1948089599609375e-05,4.1961669921875e-05
163,3.552436828613281e-05,3.314018249511719e-05,4.291534423828125e-05
164,6.008148193359375e-05,2.8371810913085938e-05,3.600120544433594e-05
165,3.0040740966796875e-05,2.765655517578125e-05,3.600120544433594e-05
166,3.0279159545898438e-05,2.7894973754882812e-05,3.647804260253906e-05
167,3.0279159545898438e-05,2.8133392333984375e-05,3.695487976074219e-05
168,3.075599670410156e-05,2.8371810913085938e-05,3.695487976074219e-05
169,3.075599670410156e-05,2.9087066650390625e-05,3.743171691894531e-05
170,3.0994415283203125e-05,2.9087066650390625e-05,3.790855407714844e-05
171,3.123283386230469e-05,2.9325485229492188e-05,3.838539123535156e-05
172,3.147125244140625e-05,2.956390380859375e-05,3.838539123535156e-05
173,3.147125244140625e-05,2.9802322387695312e-05,3.8623809814453125e-05
174,3.1948089599609375e-05,3.0040740966796875e-05,3.886222839355469e-05
175,3.218650817871094e-05,3.4809112548828125e-05,4.029273986816406e-05
176,3.1948089599609375e-05,3.1948089599609375e-05,4.1484832763671875e-05
177,3.24249267578125e-05,3.457069396972656e-05,4.076957702636719e-05
178,3.24249267578125e-05,3.0994415283203125e-05,4.0531158447265625e-05
179,3.266334533691406e-05,3.123283386230469e-05,4.100799560546875e-05
180,3.2901763916015625e-05,3.170967102050781e-05,4.124641418457031e-05
181,3.2901763916015625e-05,3.218650817871094e-05,4.172325134277344e-05
182,3.337860107421875e-05,3.170967102050781e-05,4.458427429199219e-05
183,3.3855438232421875e-05,3.2901763916015625e-05,4.2438507080078125e-05
184,3.361701965332031e-05,3.266334533691406e-05,4.267692565917969e-05
185,3.3855438232421875e-05,3.266334533691406e-05,4.291534423828125e-05
186,3.409385681152344e-05,3.337860107421875e-05,4.291534423828125e-05
187,3.4332275390625e-05,3.600120544433594e-05,4.410743713378906e-05
188,3.457069396972656e-05,3.361701965332031e-05,4.410743713378906e-05
189,3.4809112548828125e-05,3.3855438232421875e-05,4.458427429199219e-05
190,3.4809112548828125e-05,3.4332275390625e-05,4.410743713378906e-05
191,3.504753112792969e-05,3.981590270996094e-05,6.461143493652344e-05
192,5.626678466796875e-05,3.4809112548828125e-05,4.553794860839844e-05
193,3.528594970703125e-05,3.4809112548828125e-05,4.601478576660156e-05
194,3.600120544433594e-05,3.4332275390625e-05,4.9114227294921875e-05
195,3.62396240234375e-05,3.5762786865234375e-05,4.6253204345703125e-05
196,3.647804260253906e-05,3.600120544433594e-05,4.673004150390625e-05
197,3.6716461181640625e-05,3.5762786865234375e-05,4.935264587402344e-05
198,3.6716461181640625e-05,3.910064697265625e-05,4.792213439941406e-05
199,3.695487976074219e-05,3.647804260253906e-05,4.76837158203125e-05
200,3.695487976074219e-05,3.647804260253906e-05,4.8160552978515625e-05
201,3.743171691894531e-05,3.981590270996094e-05,4.839897155761719e-05
202,3.7670135498046875e-05,7.271766662597656e-05,6.794929504394531e-05
203,3.7670135498046875e-05,3.695487976074219e-05,4.8160552978515625e-05
204,3.790855407714844e-05,4.076957702636719e-05,4.982948303222656e-05
205,3.814697265625e-05,3.790855407714844e-05,4.982948303222656e-05
206,3.838539123535156e-05,3.814697265625e-05,5.340576171875e-05
207,3.8623809814453125e-05,3.886222839355469e-05,5.030632019042969e-05
208,3.886222839355469e-05,5.817413330078125e-05,6.937980651855469e-05
209,3.910064697265625e-05,3.814697265625e-05,5.435943603515625e-05
210,3.9577484130859375e-05,3.933906555175781e-05,5.125999450683594e-05
211,3.933906555175781e-05,3.886222839355469e-05,5.14984130859375e-05
212,3.9577484130859375e-05,4.2438507080078125e-05,5.269050598144531e-05
213,3.981590270996094e-05,3.9577484130859375e-05,5.221366882324219e-05
214,4.00543212890625e-05,3.933906555175781e-05,5.555152893066406e-05
215,4.0531158447265625e-05,4.100799560546875e-05,5.269050598144531e-05
216,4.0531158447265625e-05,4.0531158447265625e-05,5.2928924560546875e-05
217,4.076957702636719e-05,4.4345855712890625e-05,5.459785461425781e-05
218,4.076957702636719e-05,4.124641418457031e-05,5.3882598876953125e-05
219,4.124641418457031e-05,4.076957702636719e-05,5.745887756347656e-05
220,4.1484832763671875e-05,4.220008850097656e-05,5.459785461425781e-05
221,4.1484832763671875e-05,4.1961669921875e-05,5.412101745605469e-05
222,4.172325134277344e-05,4.6253204345703125e-05,5.626678466796875e-05
223,4.1961669921875e-05,4.220008850097656e-05,5.626678466796875e-05
224,4.220008850097656e-05,4.172325134277344e-05,5.9604644775390625e-05
225,4.267692565917969e-05,6.604194641113281e-05,5.626678466796875e-05
226,4.2438507080078125e-05,4.3392181396484375e-05,6.437301635742188e-05
227,4.38690185546875e-05,4.887580871582031e-05,6.008148193359375e-05
228,4.410743713378906e-05,4.482269287109375e-05,5.936622619628906e-05
229,4.458427429199219e-05,4.410743713378906e-05,6.29425048828125e-05
230,4.458427429199219e-05,4.5299530029296875e-05,6.008148193359375e-05
231,4.5299530029296875e-05,4.696846008300781e-05,6.127357482910156e-05
232,4.5299530029296875e-05,4.601478576660156e-05,6.866455078125e-05
233,4.38690185546875e-05,4.506111145019531e-05,5.984306335449219e-05
234,4.410743713378906e-05,4.5299530029296875e-05,5.984306335449219e-05
235,4.4345855712890625e-05,4.5299530029296875e-05,6.008148193359375e-05
236,4.410743713378906e-05,4.553794860839844e-05,6.031990051269531e-05
237,4.458427429199219e-05,4.57763671875e-05,6.0558319091796875e-05
238,4.482269287109375e-05,4.57763671875e-05,6.103515625e-05
239,4.506111145019531e-05,4.6253204345703125e-05,6.127357482910156e-05
240,4.5299530029296875e-05,4.649162292480469e-05,6.175041198730469e-05
241,4.553794860839844e-05,4.649162292480469e-05,6.246566772460938e-05
242,4.57763671875e-05,4.696846008300781e-05,6.270408630371094e-05
243,4.57763671875e-05,4.696846008300781e-05,6.270408630371094e-05
244,4.601478576660156e-05,4.7206878662109375e-05,6.341934204101562e-05
245,4.6253204345703125e-05,4.76837158203125e-05,6.341934204101562e-05
246,4.6253204345703125e-05,4.792213439941406e-05,6.389617919921875e-05
247,4.6253204345703125e-05,4.792213439941406e-05,6.437301635742188e-05
248,4.649162292480469e-05,4.8160552978515625e-05,6.437301635742188e-05
249,4.696846008300781e-05,4.863739013671875e-05,6.818771362304688e-05
250,4.696846008300781e-05,4.887580871582031e-05,6.556510925292969e-05
251,4.744529724121094e-05,4.9114227294921875e-05,6.556510925292969e-05
252,4.744529724121094e-05,4.935264587402344e-05,6.604194641113281e-05
253,4.744529724121094e-05,4.9591064453125e-05,6.651878356933594e-05
254,4.76837158203125e-05,4.982948303222656e-05,6.628036499023438e-05
255,4.8160552978515625e-05,5.030632019042969e-05,6.699562072753906e-05
256,4.8160552978515625e-05,5.030632019042969e-05,6.771087646484375e-05
257,4.839897155761719e-05,5.078315734863281e-05,6.747245788574219e-05
258,4.935264587402344e-05,5.1021575927734375e-05,6.794929504394531e-05
259,4.9114227294921875e-05,5.078315734863281e-05,6.842613220214844e-05
260,4.9114227294921875e-05,5.14984130859375e-05,6.866455078125e-05
261,4.9114227294921875e-05,5.173683166503906e-05,6.914138793945312e-05
262,4.9591064453125e-05,5.1975250244140625e-05,6.985664367675781e-05
263,4.9591064453125e-05,5.221366882324219e-05,6.937980651855469e-05
264,4.982948303222656e-05,5.245208740234375e-05,7.009506225585938e-05
265,5.0067901611328125e-05,5.245208740234375e-05,7.081031799316406e-05
266,5.030632019042969e-05,5.2928924560546875e-05,7.05718994140625e-05
267,5.054473876953125e-05,5.2928924560546875e-05,7.104873657226562e-05
268,5.078315734863281e-05,5.340576171875e-05,7.200241088867188e-05
269,5.1021575927734375e-05,5.364418029785156e-05,7.176399230957031e-05
270,5.125999450683594e-05,5.412101745605469e-05,7.200241088867188e-05
271,5.14984130859375e-05,5.3882598876953125e-05,7.557868957519531e-05
272,5.173683166503906e-05,5.459785461425781e-05,7.271766662597656e-05
273,5.173683166503906e-05,5.459785461425781e-05,7.343292236328125e-05
274,5.1975250244140625e-05,5.4836273193359375e-05,7.43865966796875e-05
275,5.221366882324219e-05,5.555152893066406e-05,7.390975952148438e-05
276,5.221366882324219e-05,5.53131103515625e-05,7.462501525878906e-05
277,5.245208740234375e-05,5.602836608886719e-05,7.557868957519531e-05
278,5.2928924560546875e-05,5.650520324707031e-05,8.487701416015625e-05
279,5.459785461425781e-05,5.793571472167969e-05,7.748603820800781e-05
280,5.459785461425781e-05,5.817413330078125e-05,7.82012939453125e-05
281,5.507469177246094e-05,5.841255187988281e-05,7.772445678710938e-05
282,5.4836273193359375e-05,5.8650970458984375e-05,7.867813110351562e-05
283,5.507469177246094e-05,6.628036499023438e-05,7.724761962890625e-05
284,5.3882598876953125e-05,5.7697296142578125e-05,7.653236389160156e-05
285,5.412101745605469e-05,5.793571472167969e-05,7.772445678710938e-05
286,5.412101745605469e-05,5.817413330078125e-05,7.867813110351562e-05
287,5.435943603515625e-05,5.8650970458984375e-05,7.796287536621094e-05
288,5.4836273193359375e-05,5.888938903808594e-05,7.891654968261719e-05
289,5.507469177246094e-05,5.888938903808594e-05,7.963180541992188e-05
290,5.4836273193359375e-05,5.91278076171875e-05,7.891654968261719e-05
291,5.507469177246094e-05,5.936622619628906e-05,7.963180541992188e-05
292,5.793571472167969e-05,5.984306335449219e-05,8.058547973632812e-05
293,5.555152893066406e-05,5.984306335449219e-05,7.987022399902344e-05
294,5.5789947509765625e-05,6.008148193359375e-05,8.034706115722656e-05
295,5.602836608886719e-05,6.031990051269531e-05,8.20159912109375e-05
296,5.602836608886719e-05,6.0558319091796875e-05,8.106231689453125e-05
297,5.650520324707031e-05,6.103515625e-05,8.153915405273438e-05
298,5.650520324707031e-05,6.818771362304688e-05,8.320808410644531e-05
299,5.6743621826171875e-05,6.151199340820312e-05,9.202957153320312e-05
300,7.605552673339844e-05,6.151199340820312e-05,8.296966552734375e-05
301,5.698204040527344e-05,6.175041198730469e-05,8.368492126464844e-05
302,5.745887756347656e-05,6.198883056640625e-05,8.344650268554688e-05
303,5.7697296142578125e-05,6.246566772460938e-05,8.392333984375e-05
304,5.817413330078125e-05,6.341934204101562e-05,8.416175842285156e-05
305,5.817413330078125e-05,6.318092346191406e-05,8.58306884765625e-05
306,5.8650970458984375e-05,6.341934204101562e-05,8.511543273925781e-05
307,5.8650970458984375e-05,6.341934204101562e-05,8.511543273925781e-05
308,5.8650970458984375e-05,6.365776062011719e-05,8.678436279296875e-05
309,5.91278076171875e-05,6.365776062011719e-05,8.630752563476562e-05
310,5.91278076171875e-05,6.437301635742188e-05,8.916854858398438e-05
311,5.9604644775390625e-05,6.461143493652344e-05,8.797645568847656e-05
312,5.9604644775390625e-05,6.4849853515625e-05,8.726119995117188e-05
313,5.984306335449219e-05,6.532669067382812e-05,8.726119995117188e-05
314,5.984306335449219e-05,6.508827209472656e-05,8.893013000488281e-05
315,6.008148193359375e-05,6.556510925292969e-05,8.821487426757812e-05
316,6.079673767089844e-05,6.580352783203125e-05,8.869171142578125e-05
317,6.079673767089844e-05,6.628036499023438e-05,8.988380432128906e-05
318,6.103515625e-05,6.628036499023438e-05,8.893013000488281e-05
319,6.079673767089844e-05,6.67572021484375e-05,8.96453857421875e-05
320,6.103515625e-05,6.747245788574219e-05,9.012222290039062e-05
321,6.151199340820312e-05,6.67572021484375e-05,9.059906005859375e-05
322,6.175041198730469e-05,6.723403930664062e-05,9.1552734375e-05
323,6.175041198730469e-05,6.794929504394531e-05,9.107589721679688e-05
324,6.175041198730469e-05,6.794929504394531e-05,9.131431579589844e-05
325,6.198883056640625e-05,6.818771362304688e-05,9.274482727050781e-05
326,6.246566772460938e-05,6.866455078125e-05,9.179115295410156e-05
327,6.246566772460938e-05,6.866455078125e-05,9.250640869140625e-05
328,6.270408630371094e-05,7.128715515136719e-05,9.369850158691406e-05
329,6.318092346191406e-05,6.914138793945312e-05,9.250640869140625e-05
330,6.29425048828125e-05,6.937980651855469e-05,9.393692016601562e-05
331,6.341934204101562e-05,6.937980651855469e-05,9.441375732421875e-05
332,6.341934204101562e-05,7.009506225585938e-05,9.393692016601562e-05
333,6.365776062011719e-05,7.009506225585938e-05,9.441375732421875e-05
334,6.413459777832031e-05,7.05718994140625e-05,9.560585021972656e-05
335,6.437301635742188e-05,7.05718994140625e-05,9.489059448242188e-05
336,6.413459777832031e-05,7.081031799316406e-05,9.560585021972656e-05
337,6.461143493652344e-05,7.104873657226562e-05,9.72747802734375e-05
338,6.4849853515625e-05,7.557868957519531e-05,9.775161743164062e-05
339,6.532669067382812e-05,7.534027099609375e-05,9.894371032714844e-05
340,6.532669067382812e-05,7.510185241699219e-05,9.918212890625e-05
341,6.580352783203125e-05,7.534027099609375e-05,9.846687316894531e-05
342,6.580352783203125e-05,7.510185241699219e-05,9.942054748535156e-05
343,6.604194641113281e-05,7.557868957519531e-05,0.00010013580322265625
344,6.604194641113281e-05,7.557868957519531e-05,0.00010156631469726562
345,6.628036499023438e-05,7.605552673339844e-05,9.894371032714844e-05
346,6.628036499023438e-05,7.581710815429688e-05,0.00010061264038085938
347,6.67572021484375e-05,7.581710815429688e-05,0.00010085105895996094
348,6.723403930664062e-05,7.557868957519531e-05,0.00010037422180175781
349,6.699562072753906e-05,7.510185241699219e-05,0.00010156631469726562
350,6.699562072753906e-05,7.462501525878906e-05,0.00010037422180175781
351,6.723403930664062e-05,7.462501525878906e-05,0.0001010894775390625
352,6.747245788574219e-05,7.486343383789062e-05,0.00010228157043457031
353,6.771087646484375e-05,7.510185241699219e-05,0.0001010894775390625
354,6.747245788574219e-05,7.534027099609375e-05,0.00010180473327636719
355,6.794929504394531e-05,7.581710815429688e-05,0.00010371208190917969
356,6.818771362304688e-05,7.605552673339844e-05,0.00010228157043457031
357,6.842613220214844e-05,7.605552673339844e-05,0.00010251998901367188
358,6.866455078125e-05,7.62939453125e-05,0.00010514259338378906
359,6.890296936035156e-05,7.724761962890625e-05,0.00010371208190917969
360,6.914138793945312e-05,8.058547973632812e-05,0.00010371208190917969
361,6.914138793945312e-05,7.748603820800781e-05,0.00010585784912109375
362,6.937980651855469e-05,7.772445678710938e-05,0.00010442733764648438
363,6.961822509765625e-05,7.772445678710938e-05,0.00010395050048828125
364,6.985664367675781e-05,7.772445678710938e-05,0.0001068115234375
365,6.985664367675781e-05,7.82012939453125e-05,0.00010514259338378906
366,7.009506225585938e-05,7.843971252441406e-05,0.00010561943054199219
367,8.96453857421875e-05,9.775161743164062e-05,0.00010776519775390625
368,7.05718994140625e-05,7.891654968261719e-05,0.00010609626770019531
369,7.081031799316406e-05,7.915496826171875e-05,0.00010633468627929688
370,7.104873657226562e-05,7.963180541992188e-05,0.00013113021850585938
371,7.152557373046875e-05,8.0108642578125e-05,0.00010752677917480469
372,7.128715515136719e-05,8.0108642578125e-05,0.00010728836059570312
373,7.128715515136719e-05,8.034706115722656e-05,0.00011038780212402344
374,7.176399230957031e-05,8.082389831542969e-05,0.00010824203491210938
375,7.43865966796875e-05,8.130073547363281e-05,0.00010824203491210938
376,7.200241088867188e-05,8.106231689453125e-05,0.00011134147644042969
377,7.2479248046875e-05,8.177757263183594e-05,0.00010919570922851562
378,7.2479248046875e-05,8.153915405273438e-05,0.00010991096496582031
379,7.271766662597656e-05,8.20159912109375e-05,0.00011301040649414062
380,7.271766662597656e-05,8.177757263183594e-05,0.000110626220703125
381,7.319450378417969e-05,8.225440979003906e-05,0.00011110305786132812
382,7.319450378417969e-05,8.249282836914062e-05,0.00011372566223144531
383,7.367134094238281e-05,8.296966552734375e-05,0.00011157989501953125
384,7.367134094238281e-05,8.296966552734375e-05,0.00011181831359863281
385,7.414817810058594e-05,0.00010275840759277344,0.00011467933654785156
386,7.414817810058594e-05,8.392333984375e-05,0.00011277198791503906
387,7.414817810058594e-05,8.392333984375e-05,0.00011348724365234375
388,7.43865966796875e-05,8.392333984375e-05,0.00011610984802246094
389,7.486343383789062e-05,8.678436279296875e-05,0.00011396408081054688
390,7.510185241699219e-05,8.487701416015625e-05,0.00011444091796875
391,7.534027099609375e-05,8.487701416015625e-05,0.00013637542724609375
392,8.440017700195312e-05,8.535385131835938e-05,0.00011515617370605469
393,7.557868957519531e-05,8.559226989746094e-05,0.00011491775512695312
394,7.557868957519531e-05,8.559226989746094e-05,0.000118255615234375
395,7.605552673339844e-05,8.606910705566406e-05,0.00011587142944335938
396,7.605552673339844e-05,8.606910705566406e-05,0.00011610984802246094
397,7.653236389160156e-05,8.654594421386719e-05,0.00011920928955078125
398,7.653236389160156e-05,8.702278137207031e-05,0.00011730194091796875
399,7.653236389160156e-05,8.702278137207031e-05,0.00011730194091796875
400,7.677078247070312e-05,8.702278137207031e-05,0.00012063980102539062
401,7.700920104980469e-05,8.797645568847656e-05,0.00011801719665527344
402,7.724761962890625e-05,8.797645568847656e-05,0.00011873245239257812
403,8.0108642578125e-05,8.845329284667969e-05,0.00012135505676269531
404,7.772445678710938e-05,8.845329284667969e-05,0.00011873245239257812
405,7.772445678710938e-05,8.869171142578125e-05,0.00011968612670898438
406,7.772445678710938e-05,8.845329284667969e-05,0.0001227855682373047
407,7.82012939453125e-05,8.940696716308594e-05,0.0001201629638671875
408,7.843971252441406e-05,8.940696716308594e-05,0.00012040138244628906
409,7.867813110351562e-05,8.96453857421875e-05,0.00012373924255371094
410,7.867813110351562e-05,9.012222290039062e-05,0.00012135505676269531
411,7.915496826171875e-05,9.012222290039062e-05,0.00012159347534179688
412,7.915496826171875e-05,9.012222290039062e-05,0.00012540817260742188
413,7.939338684082031e-05,9.059906005859375e-05,0.00012183189392089844
414,7.939338684082031e-05,9.083747863769531e-05,0.0001227855682373047
415,7.963180541992188e-05,9.083747863769531e-05,0.00012636184692382812
416,8.0108642578125e-05,9.369850158691406e-05,0.00012373924255371094
417,8.0108642578125e-05,9.131431579589844e-05,0.00012350082397460938
418,8.0108642578125e-05,9.179115295410156e-05,0.00012683868408203125
419,8.058547973632812e-05,9.250640869140625e-05,0.00012445449829101562
420,8.082389831542969e-05,9.250640869140625e-05,0.0001246929168701172
421,8.153915405273438e-05,9.560585021972656e-05,0.00012755393981933594
422,8.20159912109375e-05,9.560585021972656e-05,0.00015497207641601562
423,8.177757263183594e-05,9.5367431640625e-05,0.00012826919555664062
424,8.20159912109375e-05,9.5367431640625e-05,0.00012636184692382812
425,8.225440979003906e-05,9.655952453613281e-05,0.00012683868408203125
426,8.249282836914062e-05,9.632110595703125e-05,0.00012993812561035156
427,8.249282836914062e-05,9.608268737792969e-05,0.0001270771026611328
428,8.320808410644531e-05,9.655952453613281e-05,0.00013017654418945312
429,8.535385131835938e-05,9.703636169433594e-05,0.0001285076141357422
430,8.320808410644531e-05,9.751319885253906e-05,0.00013113021850585938
431,8.368492126464844e-05,9.72747802734375e-05,0.0001289844512939453
432,8.416175842285156e-05,9.72747802734375e-05,0.0001316070556640625
433,8.368492126464844e-05,9.751319885253906e-05,0.00012922286987304688
434,8.440017700195312e-05,9.775161743164062e-05,0.00013256072998046875
435,8.416175842285156e-05,0.00011777877807617188,0.00013017654418945312
436,8.463859558105469e-05,9.870529174804688e-05,0.0001327991485595703
437,8.511543273925781e-05,9.703636169433594e-05,0.0001308917999267578
438,8.511543273925781e-05,9.679794311523438e-05,0.00013518333435058594
439,8.511543273925781e-05,9.703636169433594e-05,0.00013113021850585938
440,8.535385131835938e-05,9.703636169433594e-05,0.00013184547424316406
441,8.559226989746094e-05,9.989738464355469e-05,0.0002071857452392578
442,0.00010514259338378906,0.0001544952392578125,0.00019311904907226562
443,0.00012445449829101562,0.0001518726348876953,0.0001633167266845703
444,0.00012636184692382812,0.00012230873107910156,0.00014901161193847656
445,9.441375732421875e-05,0.00010704994201660156,0.0001461505889892578
446,9.417533874511719e-05,0.00010776519775390625,0.00015091896057128906
447,0.00011444091796875,0.00011992454528808594,0.00014352798461914062
448,0.00013756752014160156,0.00010943412780761719,0.00013446807861328125
449,8.702278137207031e-05,9.918212890625e-05,0.0001354217529296875
450,8.726119995117188e-05,9.918212890625e-05,0.00013947486877441406
451,8.7738037109375e-05,9.989738464355469e-05,0.00013947486877441406
452,8.749961853027344e-05,9.965896606445312e-05,0.0001366138458251953
453,8.7738037109375e-05,0.00010013580322265625,0.0001399517059326172
454,8.821487426757812e-05,0.00010061264038085938,0.00013637542724609375
455,8.7738037109375e-05,0.00010275840759277344,0.0001373291015625
456,8.7738037109375e-05,0.00010251998901367188,0.0001373291015625
457,8.821487426757812e-05,0.00010204315185546875,0.00014066696166992188
458,8.869171142578125e-05,0.00010251998901367188,0.0001385211944580078
459,9.846687316894531e-05,0.00011181831359863281,0.0001380443572998047
460,8.869171142578125e-05,0.000102996826171875,0.00014209747314453125
461,8.869171142578125e-05,0.00010323524475097656,0.00013947486877441406
462,8.893013000488281e-05,0.00010347366333007812,0.0001392364501953125
463,8.988380432128906e-05,0.00010704994201660156,0.00014328956604003906
464,8.96453857421875e-05,0.00010395050048828125,0.0001404285430908203
465,8.96453857421875e-05,0.00010395050048828125,0.00014066696166992188
466,8.988380432128906e-05,0.00010418891906738281,0.00014400482177734375
467,9.012222290039062e-05,0.00010442733764648438,0.00014138221740722656
468,9.012222290039062e-05,0.00010466575622558594,0.00014162063598632812
469,9.059906005859375e-05,0.0001239776611328125,0.00016427040100097656
470,9.083747863769531e-05,0.00010538101196289062,0.00014281272888183594
471,9.059906005859375e-05,0.00010561943054199219,0.00014281272888183594
472,9.107589721679688e-05,0.00010561943054199219,0.00017070770263671875
473,0.00011968612670898438,0.00010633468627929688,0.00014352798461914062
474,9.1552734375e-05,0.0001068115234375,0.00014662742614746094
475,9.1552734375e-05,0.0001068115234375,0.00014829635620117188
476,9.202957153320312e-05,0.00010704994201660156,0.00014519691467285156
477,9.202957153320312e-05,0.00010728836059570312,0.00014495849609375
478,0.00011134147644042969,0.00010776519775390625,0.00014901161193847656
479,9.250640869140625e-05,0.00010800361633300781,0.0001456737518310547
480,9.274482727050781e-05,0.00010800361633300781,0.00014591217041015625
481,9.250640869140625e-05,0.00010824203491210938,0.00015044212341308594
482,9.274482727050781e-05,0.00010848045349121094,0.0001468658447265625
483,9.322166442871094e-05,0.00010895729064941406,0.00014710426330566406
484,9.322166442871094e-05,0.00010919570922851562,0.0001513957977294922
485,9.369850158691406e-05,0.00010943412780761719,0.00015044212341308594
486,9.393692016601562e-05,0.00010943412780761719,0.00014829635620117188
487,9.393692016601562e-05,0.00010991096496582031,0.00015234947204589844
488,9.441375732421875e-05,0.00011014938354492188,0.00014901161193847656
489,9.441375732421875e-05,0.000110626220703125,0.00014901161193847656
490,9.441375732421875e-05,0.000110626220703125,0.00015425682067871094
491,9.489059448242188e-05,0.000110626220703125,0.00015020370483398438
492,9.465217590332031e-05,0.00011086463928222656,0.00015044212341308594
493,9.5367431640625e-05,0.00011086463928222656,0.00015616416931152344
494,9.560585021972656e-05,0.00011157989501953125,0.00015163421630859375
495,9.560585021972656e-05,0.00011205673217773438,0.00015115737915039062
496,9.584426879882812e-05,0.00011205673217773438,0.0001595020294189453
497,9.608268737792969e-05,0.00011301040649414062,0.00015234947204589844
498,9.632110595703125e-05,0.0001125335693359375,0.00015234947204589844
499,9.632110595703125e-05,0.00011301040649414062,0.00015807151794433594
500,9.655952453613281e-05,0.00011324882507324219,0.00015354156494140625
501,9.655952453613281e-05,0.00011324882507324219,0.00015354156494140625
502,9.679794311523438e-05,0.00011348724365234375,0.00015926361083984375
503,9.703636169433594e-05,0.00011420249938964844,0.00015473365783691406
504,9.72747802734375e-05,0.00011420249938964844,0.00015473365783691406
505,9.751319885253906e-05,0.00011420249938964844,0.00015974044799804688
506,9.799003601074219e-05,0.00011491775512695312,0.0001556873321533203
507,9.799003601074219e-05,0.00011754035949707031,0.00015592575073242188
508,0.00011682510375976562,0.0001251697540283203,0.00016617774963378906
509,0.0001010894775390625,0.00011873245239257812,0.00016069412231445312
510,0.0001468658447265625,0.0001385211944580078,0.00016546249389648438
511,0.00011801719665527344,0.0001163482666015625,0.0001633167266845703
512,9.894371032714844e-05,0.0001163482666015625,0.00017786026000976562
513,9.894371032714844e-05,0.00011682510375976562,0.0001780986785888672
514,9.918212890625e-05,0.00011706352233886719,0.0001633167266845703
515,0.000110626220703125,0.0001480579376220703,0.00018215179443359375
516,9.965896606445312e-05,0.00011682510375976562,0.00015854835510253906
517,0.00011038780212402344,0.00011801719665527344,0.00016498565673828125
518,0.00012350082397460938,0.00011801719665527344,0.00016021728515625
519,0.00011944770812988281,0.00011801719665527344,0.00015997886657714844
520,0.00010013580322265625,0.00011849403381347656,0.00016617774963378906
521,0.00010061264038085938,0.00011849403381347656,0.00016069412231445312
522,0.00010085105895996094,0.00011897087097167969,0.0001804828643798828
523,0.0001010894775390625,0.00011897087097167969,0.00016689300537109375
524,0.00010132789611816406,0.00011944770812988281,0.0001621246337890625
525,0.00010132789611816406,0.00011944770812988281,0.00016164779663085938
526,0.00010180473327636719,0.00011992454528808594,0.00016736984252929688
527,0.00010395050048828125,0.00012063980102539062,0.00016546249389648438
528,0.00012087821960449219,0.00012063980102539062,0.0001633167266845703
529,0.00010204315185546875,0.00012063980102539062,0.0001671314239501953
530,0.00010251998901367188,0.00012087821960449219,0.000164031982421875
531,0.00010251998901367188,0.00012135505676269531,0.00016427040100097656
532,0.00010275840759277344,0.00012135505676269531,0.00016808509826660156
533,0.00010323524475097656,0.00012159347534179688,0.0001652240753173828
534,0.00010323524475097656,0.0001220703125,0.00016546249389648438
535,0.00010323524475097656,0.00012230873107910156,0.0001690387725830078
536,0.0001049041748046875,0.00012373924255371094,0.00016951560974121094
537,0.00010776519775390625,0.00012350082397460938,0.0001666545867919922
538,0.0001049041748046875,0.0001232624053955078,0.00016736984252929688
539,0.00010514259338378906,0.00012350082397460938,0.00017070770263671875
540,0.00010561943054199219,0.00012373924255371094,0.00016760826110839844
541,0.00010561943054199219,0.00012373924255371094,0.00016808509826660156
542,0.00010561943054199219,0.00012445449829101562,0.000171661376953125
543,0.00010609626770019531,0.00012540817260742188,0.0001685619354248047
544,0.00010609626770019531,0.00012540817260742188,0.00016927719116210938
545,0.00010633468627929688,0.00012564659118652344,0.00017333030700683594
546,0.00010609626770019531,0.00012612342834472656,0.00017213821411132812
547,0.00010657310485839844,0.00012540817260742188,0.0001704692840576172
548,0.0001068115234375,0.00012540817260742188,0.00017404556274414062
549,0.00010728836059570312,0.000125885009765625,0.00017023086547851562
550,0.00010728836059570312,0.00012540817260742188,0.00017309188842773438
551,0.00010752677917480469,0.00012612342834472656,0.00017523765563964844
552,0.00010657310485839844,0.00012755393981933594,0.0001728534698486328
553,0.00010704994201660156,0.00012803077697753906,0.00017571449279785156
554,0.00010752677917480469,0.00012755393981933594,0.0001728534698486328
555,0.00010728836059570312,0.00017142295837402344,0.00017309188842773438
556,0.00010752677917480469,0.00013017654418945312,0.0001761913299560547
557,0.00010776519775390625,0.00012874603271484375,0.0001742839813232422
558,0.00010800361633300781,0.0001289844512939453,0.0001747608184814453
559,0.00010824203491210938,0.00012922286987304688,0.0001773834228515625
560,0.00010848045349121094,0.0001289844512939453,0.0001747608184814453
561,0.0001087188720703125,0.00012969970703125,0.00017523765563964844
562,0.0001087188720703125,0.00012969970703125,0.00017833709716796875
563,0.00010895729064941406,0.00013017654418945312,0.00017571449279785156
564,0.00010919570922851562,0.00013017654418945312,0.0001761913299560547
565,0.00010919570922851562,0.00013017654418945312,0.0001819133758544922
566,0.00010991096496582031,0.00013113021850585938,0.00017690658569335938
567,0.00010991096496582031,0.0001308917999267578,0.00017786026000976562
568,0.00010991096496582031,0.00013136863708496094,0.0001800060272216797
569,0.00011014938354492188,0.00013184547424316406,0.0001780986785888672
570,0.00011134147644042969,0.00013971328735351562,0.0001811981201171875
571,0.00011157989501953125,0.0001385211944580078,0.00017952919006347656
572,0.00011134147644042969,0.00013899803161621094,0.00018453598022460938
573,0.00011229515075683594,0.0001385211944580078,0.0001823902130126953
574,0.00011229515075683594,0.00013899803161621094,0.00018334388732910156
575,0.00011205673217773438,0.00013947486877441406,0.0001857280731201172
576,0.00011229515075683594,0.00013399124145507812,0.00018095970153808594
577,0.00011205673217773438,0.00013375282287597656,0.0001842975616455078
578,0.00011229515075683594,0.00013375282287597656,0.00018143653869628906
579,0.00011205673217773438,0.000133514404296875,0.00018143653869628906
580,0.0001125335693359375,0.00013399124145507812,0.00018453598022460938
581,0.00011229515075683594,0.0001342296600341797,0.00018215179443359375
582,0.00011277198791503906,0.00013446807861328125,0.0001823902130126953
583,0.00011277198791503906,0.00013494491577148438,0.00018787384033203125
584,0.00011324882507324219,0.00013566017150878906,0.00018310546875
585,0.00011348724365234375,0.00013494491577148438,0.00018334388732910156
586,0.00011348724365234375,0.00013566017150878906,0.000186920166015625
587,0.00011372566223144531,0.00013589859008789062,0.00018405914306640625
588,0.00011396408081054688,0.00013589859008789062,0.0001842975616455078
589,0.00011396408081054688,0.0001361370086669922,0.0001876354217529297
590,0.00011444091796875,0.00013637542724609375,0.00018525123596191406
591,0.00011444091796875,0.00013709068298339844,0.0001857280731201172
592,0.00011444091796875,0.00017499923706054688,0.00019216537475585938
593,0.00011515617370605469,0.0001373291015625,0.0001862049102783203
594,0.00011539459228515625,0.00013756752014160156,0.000186920166015625
595,0.00011539459228515625,0.00013756752014160156,0.00019073486328125
596,0.00011563301086425781,0.00013780593872070312,0.00018715858459472656
597,0.00011563301086425781,0.00013780593872070312,0.00018715858459472656
598,0.00011587142944335938,0.00013828277587890625,0.00019168853759765625
599,0.00011610984802246094,0.00013899803161621094,0.00018835067749023438
600,0.0001163482666015625,0.0001385211944580078,0.0001888275146484375
601,0.00011658668518066406,0.00013875961303710938,0.00019478797912597656
602,0.00011706352233886719,0.00014019012451171875,0.00018930435180664062
603,0.00011706352233886719,0.0001628398895263672,0.00018930435180664062
604,0.00011730194091796875,0.00014019012451171875,0.00019407272338867188
605,0.00011754035949707031,0.0001404285430908203,0.00019073486328125
606,0.00011754035949707031,0.00014090538024902344,0.00019049644470214844
607,0.00011777877807617188,0.00014066696166992188,0.00019502639770507812
608,0.00011801719665527344,0.00014138221740722656,0.0002143383026123047
609,0.00013756752014160156,0.00014138221740722656,0.0001914501190185547
610,0.0001201629638671875,0.0001418590545654297,0.00019621849060058594
611,0.000118255615234375,0.00014162063598632812,0.0001926422119140625
612,0.00011873245239257812,0.00014209747314453125,0.0001933574676513672
613,0.00011873245239257812,0.00014281272888183594,0.0001976490020751953
614,0.00011920928955078125,0.00014257431030273438,0.0001933574676513672
615,0.00011897087097167969,0.0001430511474609375,0.00019407272338867188
616,0.00011944770812988281,0.0001430511474609375,0.0001983642578125
617,0.00011992454528808594,0.00014352798461914062,0.00019478797912597656
618,0.00011968612670898438,0.00014352798461914062,0.0001976490020751953
619,0.0001201629638671875,0.00014400482177734375,0.00019979476928710938
620,0.0001201629638671875,0.0001442432403564453,0.0001957416534423828
621,0.0001201629638671875,0.0001442432403564453,0.0001957416534423828
622,0.00012063980102539062,0.00014472007751464844,0.0002009868621826172
623,0.00012063980102539062,0.00014543533325195312,0.00019693374633789062
624,0.00012111663818359375,0.00014495849609375,0.00019669532775878906
625,0.00012993812561035156,0.00014543533325195312,0.00020265579223632812
626,0.00012135505676269531,0.00014591217041015625,0.0002167224884033203
627,0.00013256072998046875,0.0001461505889892578,0.0001976490020751953
628,0.00012183189392089844,0.0001456737518310547,0.00020360946655273438
629,0.0001220703125,0.0001468658447265625,0.00019884109497070312
630,0.00012230873107910156,0.00014638900756835938,0.00019884109497070312
631,0.00012254714965820312,0.0001468658447265625,0.0002040863037109375
632,0.00012254714965820312,0.00014734268188476562,0.00020003318786621094
633,0.00013256072998046875,0.00015664100646972656,0.0002002716064453125
634,0.0001227855682373047,0.0001480579376220703,0.00020599365234375
635,0.00012350082397460938,0.00015020370483398438,0.0002009868621826172
636,0.00012302398681640625,0.000148773193359375,0.00020122528076171875
637,0.00012350082397460938,0.000148773193359375,0.00020742416381835938
638,0.00012373924255371094,0.00014901161193847656,0.00020194053649902344
639,0.00012373924255371094,0.00014925003051757812,0.00020194053649902344
640,0.0001239776611328125,0.00014901161193847656,0.0002086162567138672
641,0.00012421607971191406,0.00014972686767578125,0.0002028942108154297
642,0.00012445449829101562,0.00014972686767578125,0.00020313262939453125
643,0.0001246929168701172,0.0001494884490966797,0.00021123886108398438
644,0.00012493133544921875,0.00015115737915039062,0.0002040863037109375
645,0.00012493133544921875,0.0002067089080810547,0.0002040863037109375
646,0.00012493133544921875,0.00015115737915039062,0.0002105236053466797
647,0.00012540817260742188,0.00015163421630859375,0.00020503997802734375
648,0.00012564659118652344,0.0001513957977294922,0.0002048015594482422
649,0.00012731552124023438,0.00015735626220703125,0.00021147727966308594
650,0.00012755393981933594,0.0001575946807861328,0.00020623207092285156
651,0.00012731552124023438,0.00015783309936523438,0.00021409988403320312
652,0.0001277923583984375,0.00015735626220703125,0.00020647048950195312
653,0.00012755393981933594,0.00015783309936523438,0.00021219253540039062
654,0.00012803077697753906,0.0001583099365234375,0.00020766258239746094
655,0.00012803077697753906,0.0001583099365234375,0.0002124309539794922
656,0.0001285076141357422,0.00015854835510253906,0.00020837783813476562
657,0.00012874603271484375,0.00015878677368164062,0.000213623046875
658,0.0001289844512939453,0.00015854835510253906,0.00020885467529296875
659,0.00012922286987304688,0.00018095970153808594,0.00023365020751953125
660,0.00012922286987304688,0.00015926361083984375,0.00021028518676757812
661,0.00012922286987304688,0.00015974044799804688,0.00021457672119140625
662,0.00012969970703125,0.00015974044799804688,0.00021076202392578125
663,0.00012969970703125,0.00016021728515625,0.00021576881408691406
664,0.00012993812561035156,0.00015974044799804688,0.00021123886108398438
665,0.00012993812561035156,0.00015616416931152344,0.00021195411682128906
666,0.0001304149627685547,0.000156402587890625,0.0002117156982421875
667,0.00013303756713867188,0.00015616416931152344,0.00021839141845703125
668,0.00013113021850585938,0.00015664100646972656,0.0002129077911376953
669,0.0001308917999267578,0.000156402587890625,0.0002129077911376953
670,0.00013113021850585938,0.00015687942504882812,0.00021457672119140625
671,0.00013113021850585938,0.00015687942504882812,0.00021886825561523438
672,0.00013184547424316406,0.00015664100646972656,0.000213623046875
673,0.00013136863708496094,0.0001571178436279297,0.0002155303955078125
674,0.00013208389282226562,0.0001575946807861328,0.0002200603485107422
675,0.0001728534698486328,0.0001583099365234375,0.00021600723266601562
676,0.00013256072998046875,0.0001583099365234375,0.00022172927856445312
677,0.00013256072998046875,0.00015854835510253906,0.0002155303955078125
678,0.0001327991485595703,0.0001590251922607422,0.00021696090698242188
679,0.0001327991485595703,0.0001595020294189453,0.0002224445343017578
680,0.0001327991485595703,0.00015974044799804688,0.0002162456512451172
681,0.00013327598571777344,0.00015974044799804688,0.00021719932556152344
682,0.00013375282287597656,0.00015974044799804688,0.00022077560424804688
683,0.00013399124145507812,0.00016045570373535156,0.0002238750457763672
684,0.0001342296600341797,0.00016045570373535156,0.00023674964904785156
685,0.00013399124145507812,0.00016069412231445312,0.00021982192993164062
686,0.0001533031463623047,0.0001609325408935547,0.00022459030151367188
687,0.0001347064971923828,0.00016117095947265625,0.00021886825561523438
688,0.0001347064971923828,0.0001614093780517578,0.00022077560424804688
689,0.00013446807861328125,0.00018310546875,0.00022029876708984375
690,0.00013709068298339844,0.0002009868621826172,0.00022077560424804688
691,0.0001342296600341797,0.0001628398895263672,0.0002281665802001953
692,0.0001342296600341797,0.00016355514526367188,0.00022125244140625
693,0.00014352798461914062,0.00016307830810546875,0.00022220611572265625
694,0.0001347064971923828,0.00016355514526367188,0.00022935867309570312
695,0.0001354217529296875,0.000164031982421875,0.0002224445343017578
696,0.00013518333435058594,0.00016427040100097656,0.0002231597900390625
697,0.0001354217529296875,0.00016641616821289062,0.00022935867309570312
698,0.0001354217529296875,0.00016498565673828125,0.0002231597900390625
699,0.00013566017150878906,0.0001647472381591797,0.0002238750457763672
700,0.0001361370086669922,0.00016498565673828125,0.00023174285888671875
701,0.00013637542724609375,0.00016546249389648438,0.0002243518829345703
702,0.0001361370086669922,0.0001659393310546875,0.000225067138671875
703,0.00013637542724609375,0.0001659393310546875,0.00023245811462402344
704,0.00013685226440429688,0.0001666545867919922,0.00022745132446289062
705,0.00013685226440429688,0.00016641616821289062,0.0002262592315673828
706,0.00013709068298339844,0.00016641616821289062,0.00023412704467773438
707,0.0001373291015625,0.0001666545867919922,0.00022649765014648438
708,0.00013780593872070312,0.0001666545867919922,0.00022745132446289062
709,0.00013756752014160156,0.0001671314239501953,0.0002338886260986328
710,0.0001380443572998047,0.0001678466796875,0.0002276897430419922
711,0.00013828277587890625,0.00016760826110839844,0.00022840499877929688
712,0.00013828277587890625,0.0001704692840576172,0.0002353191375732422
713,0.00013875961303710938,0.00016880035400390625,0.00022864341735839844
714,0.0001385211944580078,0.00016832351684570312,0.0002295970916748047
715,0.00013899803161621094,0.0002067089080810547,0.0002377033233642578
716,0.0001392364501953125,0.00016951560974121094,0.0002295970916748047
717,0.0001392364501953125,0.00016951560974121094,0.00023102760314941406
718,0.00013971328735351562,0.00016951560974121094,0.0002377033233642578
719,0.00013971328735351562,0.000171661376953125,0.0002300739288330078
720,0.0001590251922607422,0.0001704692840576172,0.00023221969604492188
721,0.00014019012451171875,0.00017070770263671875,0.00026035308837890625
722,0.00014472007751464844,0.00018286705017089844,0.0002505779266357422
723,0.00014019012451171875,0.00017118453979492188,0.0002536773681640625
724,0.00014066696166992188,0.000171661376953125,0.0002598762512207031
725,0.000141143798828125,0.000171661376953125,0.000232696533203125
726,0.000141143798828125,0.00020503997802734375,0.00026488304138183594
727,0.00014138221740722656,0.0001728534698486328,0.00024056434631347656
728,0.00016021728515625,0.0001728534698486328,0.0002338886260986328
729,0.00016117095947265625,0.0001728534698486328,0.0003077983856201172
730,0.00015735626220703125,0.00019788742065429688,0.0002593994140625
731,0.0001583099365234375,0.0001881122589111328,0.00025272369384765625
732,0.0001571178436279297,0.00017881393432617188,0.0002548694610595703
733,0.00016069412231445312,0.00019025802612304688,0.0003008842468261719
734,0.00015974044799804688,0.00018858909606933594,0.00029587745666503906
735,0.00014925003051757812,0.0002014636993408203,0.00026035308837890625
736,0.0001537799835205078,0.0001881122589111328,0.0002732276916503906
737,0.00016069412231445312,0.0001780986785888672,0.00026869773864746094
738,0.00015163421630859375,0.00017786026000976562,0.0002799034118652344
739,0.00022292137145996094,0.00019073486328125,0.000293731689453125
740,0.0001823902130126953,0.0002295970916748047,0.0002598762512207031
741,0.00015997886657714844,0.00028705596923828125,0.00024175643920898438
742,0.0001442432403564453,0.00017642974853515625,0.00024700164794921875
743,0.00014448165893554688,0.00017714500427246094,0.0002391338348388672
744,0.00014448165893554688,0.00017690658569335938,0.00024199485778808594
745,0.00014448165893554688,0.00018072128295898438,0.0002486705780029297
746,0.00014495849609375,0.0001773834228515625,0.00023937225341796875
747,0.00014495849609375,0.00017786026000976562,0.00024247169494628906
748,0.00014543533325195312,0.0001785755157470703,0.0002493858337402344
749,0.0001456737518310547,0.0001785755157470703,0.0002410411834716797
750,0.0001456737518310547,0.0001785755157470703,0.00024390220642089844
751,0.0001461505889892578,0.00017905235290527344,0.0002498626708984375
752,0.0001461505889892578,0.00018143653869628906,0.00024271011352539062
753,0.00019478797912597656,0.00018787384033203125,0.0003275871276855469
754,0.00015115737915039062,0.0001850128173828125,0.00025963783264160156
755,0.0001556873321533203,0.0001800060272216797,0.0002429485321044922
756,0.0001468658447265625,0.0001800060272216797,0.00024509429931640625
757,0.00014710426330566406,0.00018024444580078125,0.00025343894958496094
758,0.00014734268188476562,0.00018072128295898438,0.00024628639221191406
759,0.00014734268188476562,0.00018072128295898438,0.0002465248107910156
760,0.0001480579376220703,0.0001811981201171875,0.0002532005310058594
761,0.00014781951904296875,0.00018215179443359375,0.00024509429931640625
762,0.0001494884490966797,0.0002105236053466797,0.00025463104248046875
763,0.00015020370483398438,0.0001900196075439453,0.0002484321594238281
764,0.00015020370483398438,0.00019025802612304688,0.0002541542053222656
765,0.00015020370483398438,0.00019049644470214844,0.00025153160095214844
766,0.00015020370483398438,0.00019073486328125,0.0002551078796386719
767,0.00015091896057128906,0.00019073486328125,0.00024962425231933594
768,0.0001506805419921875,0.00019049644470214844,0.00025534629821777344
769,0.00015091896057128906,0.00019049644470214844,0.0002493858337402344
770,0.00015091896057128906,0.0001914501190185547,0.0002562999725341797
771,0.00015163421630859375,0.00019168853759765625,0.00025081634521484375
772,0.0001513957977294922,0.00022411346435546875,0.0003056526184082031
773,0.0001518726348876953,0.00019216537475585938,0.00028061866760253906
774,0.0001697540283203125,0.0001938343048095703,0.00025844573974609375
775,0.00015497207641601562,0.0001990795135498047,0.00028967857360839844
776,0.00017261505126953125,0.0002315044403076172,0.0003349781036376953
777,0.0001544952392578125,0.00019741058349609375,0.0003006458282470703
778,0.00015664100646972656,0.00019502639770507812,0.0002593994140625
779,0.00015282630920410156,0.00019407272338867188,0.0002543926239013672
780,0.00017189979553222656,0.00019502639770507812,0.00031280517578125
781,0.0001537799835205078,0.00019502639770507812,0.0002541542053222656
782,0.0001533031463623047,0.00019598007202148438,0.00026154518127441406
783,0.0001537799835205078,0.00019502639770507812,0.00025534629821777344
784,0.0001537799835205078,0.0001957416534423828,0.00028395652770996094
785,0.00015425682067871094,0.00019598007202148438,0.00025582313537597656
786,0.00015425682067871094,0.00019621849060058594,0.00026297569274902344
787,0.00015425682067871094,0.00019598007202148438,0.0002617835998535156
788,0.00015473365783691406,0.00019598007202148438,0.00026488304138183594
789,0.0001590251922607422,0.00020194053649902344,0.00026988983154296875
790,0.0001595020294189453,0.000202178955078125,0.00026702880859375
791,0.0001595020294189453,0.00020241737365722656,0.000270843505859375
792,0.0001671314239501953,0.00019741058349609375,0.0002663135528564453
793,0.00015592575073242188,0.00019812583923339844,0.0002789497375488281
794,0.00016021728515625,0.00020384788513183594,0.00026607513427734375
795,0.00016760826110839844,0.00019860267639160156,0.0002658367156982422
796,0.000156402587890625,0.00019288063049316406,0.0002617835998535156
797,0.0001595020294189453,0.00019359588623046875,0.0002620220184326172
798,0.00020003318786621094,0.000194549560546875,0.0002684593200683594
799,0.00015735626220703125,0.000194549560546875,0.0002624988555908203
800,0.0001575946807861328,0.00019431114196777344,0.00026297569274902344
801,0.0001773834228515625,0.00021314620971679688,0.0003082752227783203
802,0.00020456314086914062,0.00019669532775878906,0.0002682209014892578
803,0.00018405914306640625,0.0001952648162841797,0.0002608299255371094
804,0.00015664100646972656,0.00019407272338867188,0.00026488304138183594
805,0.0001571178436279297,0.00019478797912597656,0.0002722740173339844
806,0.00015687942504882812,0.00019550323486328125,0.00031495094299316406
807,0.00015735626220703125,0.00019550323486328125,0.0003218650817871094
808,0.00016689300537109375,0.00019621849060058594,0.00033354759216308594
809,0.00016498565673828125,0.0001957416534423828,0.0002644062042236328
810,0.00016427040100097656,0.00019478797912597656,0.00026679039001464844
811,0.00015783309936523438,0.0001957416534423828,0.00027298927307128906
812,0.0001583099365234375,0.0001957416534423828,0.0002644062042236328
813,0.00015783309936523438,0.00019598007202148438,0.0002675056457519531
814,0.00015854835510253906,0.00019788742065429688,0.00027489662170410156
815,0.0001583099365234375,0.00024318695068359375,0.00026488304138183594
816,0.0001590251922607422,0.00019788742065429688,0.00028824806213378906
817,0.00018024444580078125,0.00019860267639160156,0.0002949237823486328
818,0.00015926361083984375,0.0001983642578125,0.00026679039001464844
819,0.0001595020294189453,0.0001976490020751953,0.0002696514129638672
820,0.0001595020294189453,0.0001976490020751953,0.0002760887145996094
821,0.00015997886657714844,0.0001995563507080078,0.0002675056457519531
822,0.00016021728515625,0.00019812583923339844,0.000270843505859375
823,0.00016045570373535156,0.00019860267639160156,0.00027751922607421875
824,0.00016045570373535156,0.00019884109497070312,0.0002689361572265625
825,0.00019884109497070312,0.00021958351135253906,0.0003199577331542969
826,0.000213623046875,0.0002582073211669922,0.00028204917907714844
827,0.0001888275146484375,0.0002205371856689453,0.0002772808074951172
828,0.00020599365234375,0.00020170211791992188,0.0002734661102294922
829,0.0001614093780517578,0.0002009868621826172,0.0002808570861816406
830,0.00016188621520996094,0.0002009868621826172,0.00027060508728027344
831,0.00016188621520996094,0.0002014636993408203,0.0003268718719482422
832,0.00016236305236816406,0.00021982192993164062,0.0002818107604980469
833,0.00016236305236816406,0.00020432472229003906,0.00027179718017578125
834,0.00016236305236816406,0.00020122528076171875,0.00027489662170410156
835,0.00016260147094726562,0.0002028942108154297,0.0002834796905517578
836,0.00016236305236816406,0.00020360946655273438,0.0002727508544921875
837,0.0001628398895263672,0.00020360946655273438,0.0002772808074951172
838,0.0001633167266845703,0.0002040863037109375,0.00028443336486816406
839,0.00016379356384277344,0.00020647048950195312,0.0002739429473876953
840,0.00016355514526367188,0.00020432472229003906,0.00027751922607421875
841,0.00016379356384277344,0.00020360946655273438,0.0003223419189453125
842,0.00017714500427246094,0.000213623046875,0.00030541419982910156
843,0.00019621849060058594,0.0002048015594482422,0.0002803802490234375
844,0.0001709461212158203,0.00020503997802734375,0.0002849102020263672
845,0.00016450881958007812,0.00020766258239746094,0.0002760887145996094
846,0.0001647472381591797,0.00020647048950195312,0.0002791881561279297
847,0.0001647472381591797,0.00020647048950195312,0.0002865791320800781
848,0.00017523765563964844,0.0002162456512451172,0.0002772808074951172
849,0.00016546249389648438,0.000225067138671875,0.0002818107604980469
850,0.00016570091247558594,0.00020742416381835938,0.0003364086151123047
851,0.00020694732666015625,0.00025200843811035156,0.00031685829162597656
852,0.00016880035400390625,0.0002512931823730469,0.00028204917907714844
853,0.0001659393310546875,0.0002071857452392578,0.0002884864807128906
854,0.0001659393310546875,0.0002071857452392578,0.0002789497375488281
855,0.00016641616821289062,0.0002071857452392578,0.00028324127197265625
856,0.00016689300537109375,0.0002617835998535156,0.00029277801513671875
857,0.0001671314239501953,0.0002090930938720703,0.0002799034118652344
858,0.0001964569091796875,0.00023794174194335938,0.00028514862060546875
859,0.00018739700317382812,0.0002753734588623047,0.0002930164337158203
860,0.0001678466796875,0.00021886825561523438,0.0002925395965576172
861,0.00017189979553222656,0.00021648406982421875,0.000293731689453125
862,0.0001728534698486328,0.00024056434631347656,0.00029206275939941406
863,0.00016832351684570312,0.00021004676818847656,0.0002961158752441406
864,0.00017333030700683594,0.0002162456512451172,0.0002942085266113281
865,0.000179290771484375,0.0002288818359375,0.000293731689453125
866,0.0001690387725830078,0.0002105236053466797,0.00028395652770996094
867,0.00016880035400390625,0.0002117156982421875,0.0002872943878173828
868,0.0001690387725830078,0.0002148151397705078,0.0002944469451904297
869,0.00016927719116210938,0.00021266937255859375,0.00028443336486816406
870,0.00016951560974121094,0.00021314620971679688,0.0002899169921875
871,0.00016951560974121094,0.00021338462829589844,0.00029754638671875
872,0.0001697540283203125,0.00021338462829589844,0.0002853870391845703
873,0.0001697540283203125,0.00021266937255859375,0.0002903938293457031
874,0.00021004676818847656,0.0002562999725341797,0.00039267539978027344
875,0.0001957416534423828,0.0002486705780029297,0.0003826618194580078
876,0.0001995563507080078,0.000225067138671875,0.0002994537353515625
877,0.00017309188842773438,0.00022411346435546875,0.00031495094299316406
878,0.00017905235290527344,0.00023126602172851562,0.00030922889709472656
879,0.0002067089080810547,0.0003044605255126953,0.0003027915954589844
880,0.00017333030700683594,0.00024366378784179688,0.00035881996154785156
881,0.00018453598022460938,0.0002727508544921875,0.00029349327087402344
882,0.0001735687255859375,0.00022530555725097656,0.0003006458282470703
883,0.00021529197692871094,0.0002841949462890625,0.0003132820129394531
884,0.0001742839813232422,0.00022792816162109375,0.0002994537353515625
885,0.00017452239990234375,0.00024819374084472656,0.0003459453582763672
886,0.00019359588623046875,0.0002465248107910156,0.00031876564025878906
887,0.00017499923706054688,0.0002646446228027344,0.0003383159637451172
888,0.00019502639770507812,0.00022602081298828125,0.0003743171691894531
889,0.00019741058349609375,0.00027251243591308594,0.0003387928009033203
890,0.0002105236053466797,0.00023865699768066406,0.00030422210693359375
891,0.00017523765563964844,0.0002269744873046875,0.0003159046173095703
892,0.00017595291137695312,0.00022745132446289062,0.0003025531768798828
893,0.00017571449279785156,0.00022649765014648438,0.00029540061950683594
894,0.00017595291137695312,0.00022721290588378906,0.0002989768981933594
895,0.0001761913299560547,0.00022745132446289062,0.00036215782165527344
896,0.000217437744140625,0.00022935867309570312,0.0004153251647949219
897,0.00017905235290527344,0.00029659271240234375,0.0003037452697753906
898,0.0001766681671142578,0.00022792816162109375,0.00029754638671875
899,0.00017714500427246094,0.00022912025451660156,0.00029921531677246094
900,0.0001804828643798828,0.00022983551025390625,0.00030541419982910156
901,0.0001773834228515625,0.00028228759765625,0.0003390312194824219
902,0.00017762184143066406,0.00025010108947753906,0.00030612945556640625
903,0.00017762184143066406,0.00022983551025390625,0.0002999305725097656
904,0.0002014636993408203,0.0002307891845703125,0.00030684471130371094
905,0.0001780986785888672,0.0002453327178955078,0.0003159046173095703
906,0.00018310546875,0.0002357959747314453,0.0003113746643066406
907,0.0001785755157470703,0.00023031234741210938,0.00033020973205566406
908,0.00017881393432617188,0.00022983551025390625,0.0003020763397216797
909,0.00017881393432617188,0.00023031234741210938,0.0003082752227783203
910,0.00017952919006347656,0.0002257823944091797,0.0003123283386230469
911,0.00017976760864257812,0.00022673606872558594,0.00030422210693359375
912,0.00017952919006347656,0.00022673606872558594,0.00030684471130371094
913,0.0001800060272216797,0.0002262592315673828,0.00031113624572753906
914,0.00018072128295898438,0.00022673606872558594,0.0003056526184082031
915,0.00018072128295898438,0.00022745132446289062,0.0003070831298828125
916,0.00018072128295898438,0.0002300739288330078,0.0003368854522705078
917,0.00021123886108398438,0.00022530555725097656,0.0003132820129394531
918,0.0001876354217529297,0.000225067138671875,0.0003066062927246094
919,0.00017952919006347656,0.00022459030151367188,0.0003390312194824219
920,0.000179290771484375,0.00022554397583007812,0.00030350685119628906
921,0.00017952919006347656,0.0002276897430419922,0.0003108978271484375
922,0.0001800060272216797,0.00022721290588378906,0.0003247261047363281
923,0.0001800060272216797,0.0002276897430419922,0.0003120899200439453
924,0.0002415180206298828,0.00022864341735839844,0.0003094673156738281
925,0.0001804828643798828,0.00022792816162109375,0.00032401084899902344
926,0.00018072128295898438,0.0002269744873046875,0.0003066062927246094
927,0.00018334388732910156,0.00022721290588378906,0.0003097057342529297
928,0.00018095970153808594,0.00022745132446289062,0.0003235340118408203
929,0.00018143653869628906,0.00022792816162109375,0.0003075599670410156
930,0.00018167495727539062,0.00022792816162109375,0.00031113624572753906
931,0.00018167495727539062,0.0002295970916748047,0.0003228187561035156
932,0.00018215179443359375,0.00023221969604492188,0.0003085136413574219
933,0.0001819133758544922,0.00022983551025390625,0.0003142356872558594
934,0.00018215179443359375,0.0002307891845703125,0.00032448768615722656
935,0.0001823902130126953,0.00023102760314941406,0.0003094673156738281
936,0.00018262863159179688,0.00023102760314941406,0.0003159046173095703
937,0.00018215179443359375,0.0002295970916748047,0.0003261566162109375
938,0.00018310546875,0.00023031234741210938,0.00031065940856933594
939,0.00018286705017089844,0.00022983551025390625,0.00031495094299316406
940,0.00018334388732910156,0.0002300739288330078,0.00032329559326171875
941,0.00018334388732910156,0.00023102760314941406,0.0003120899200439453
942,0.00018358230590820312,0.00023293495178222656,0.00031757354736328125
943,0.0001838207244873047,0.00023603439331054688,0.00032258033752441406
944,0.0001842975616455078,0.00023317337036132812,0.00031280517578125
945,0.0001842975616455078,0.00023365020751953125,0.0003376007080078125
946,0.0002040863037109375,0.00023412704467773438,0.0003256797790527344
947,0.00018477439880371094,0.0002319812774658203,0.0003135204315185547
948,0.00018477439880371094,0.00023174285888671875,0.0003204345703125
949,0.00018525123596191406,0.00023221969604492188,0.0003249645233154297
950,0.0001850128173828125,0.00023365020751953125,0.00031495094299316406
951,0.00018548965454101562,0.0002334117889404297,0.00031876564025878906
952,0.00018525123596191406,0.0002334117889404297,0.00032639503479003906
953,0.00018596649169921875,0.0002353191375732422,0.0003180503845214844
954,0.00018596649169921875,0.00023651123046875,0.00032258033752441406
955,0.00018644332885742188,0.0002741813659667969,0.0003287792205810547
956,0.00018644332885742188,0.0002372264862060547,0.0003173351287841797
957,0.00018644332885742188,0.00023674964904785156,0.00032329559326171875
958,0.000186920166015625,0.0002357959747314453,0.00032806396484375
959,0.0001895427703857422,0.00023603439331054688,0.0003185272216796875
960,0.00018715858459472656,0.0002357959747314453,0.0003249645233154297
961,0.00018739700317382812,0.00023627281188964844,0.00032901763916015625
962,0.0001876354217529297,0.00023603439331054688,0.0003197193145751953
963,0.0001876354217529297,0.00023865699768066406,0.00032520294189453125
964,0.00018835067749023438,0.00024080276489257812,0.0003304481506347656
965,0.00018858909606933594,0.00024008750915527344,0.0003197193145751953
966,0.00018835067749023438,0.00023984909057617188,0.0003256797790527344
967,0.00019884109497070312,0.00027871131896972656,0.0003333091735839844
968,0.0001888275146484375,0.000240325927734375,0.00032210350036621094
969,0.00018930435180664062,0.0002384185791015625,0.0003299713134765625
970,0.0001888275146484375,0.00023865699768066406,0.0003314018249511719
971,0.0001895427703857422,0.0002579689025878906,0.0003230571746826172
972,0.00018978118896484375,0.0002391338348388672,0.00032806396484375
973,0.0001900196075439453,0.00023984909057617188,0.00033354759216308594
974,0.00019025802612304688,0.0002422332763671875,0.0003261566162109375
975,0.00019025802612304688,0.0002422332763671875,0.0003311634063720703
976,0.00019049644470214844,0.00024247169494628906,0.0003364086151123047
977,0.00019049644470214844,0.00024247169494628906,0.00032520294189453125
978,0.00019097328186035156,0.00024271011352539062,0.000331878662109375
979,0.00019073486328125,0.0002410411834716797,0.00035762786865234375
980,0.00019168853759765625,0.00024175643920898438,0.00032639503479003906
981,0.0001914501190185547,0.0002415180206298828,0.00033164024353027344
982,0.0001914501190185547,0.00024199485778808594,0.0003376007080078125
983,0.00019168853759765625,0.0002422332763671875,0.0003266334533691406
984,0.00019168853759765625,0.00024247169494628906,0.0003330707550048828
985,0.0001938343048095703,0.00024509429931640625,0.0003402233123779297
986,0.00019240379333496094,0.0002453327178955078,0.0003285408020019531
987,0.00019240379333496094,0.0002453327178955078,0.0003361701965332031
988,0.0002505779266357422,0.0002460479736328125,0.00034117698669433594
989,0.00019288063049316406,0.00024580955505371094,0.00032973289489746094
990,0.00019741058349609375,0.00025534629821777344,0.0003399848937988281
991,0.0001952648162841797,0.0002548694610595703,0.00033593177795410156
992,0.0001957416534423828,0.000255584716796875,0.00034046173095703125
993,0.00019598007202148438,0.0002541542053222656,0.0003368854522705078
994,0.00019598007202148438,0.0002548694610595703,0.0003409385681152344
995,0.00019812583923339844,0.0002570152282714844,0.00033736228942871094
996,0.0001964569091796875,0.0002570152282714844,0.00034165382385253906
997,0.00019669532775878906,0.0002567768096923828,0.0003383159637451172
998,0.00019693374633789062,0.0002579689025878906,0.00034236907958984375
999,0.00019693374633789062,0.0002579689025878906,0.0003387928009033203
1000,0.00019931793212890625,0.0002586841583251953,0.0003426074981689453
