Insertions,Txt file time, csv file time
1,5.245208740234375e-06,1.8596649169921875e-05
2,8.58306884765625e-06,1.9311904907226562e-05
3,4.76837158203125e-06,1.0251998901367188e-05
4,5.7220458984375e-06,9.059906005859375e-06
5,1.0251998901367188e-05,9.059906005859375e-06
6,5.0067901611328125e-06,1.049041748046875e-05
7,5.245208740234375e-06,1.1444091796875e-05
8,4.5299530029296875e-06,1.2159347534179688e-05
9,4.5299530029296875e-06,2.1696090698242188e-05
10,5.245208740234375e-06,1.9311904907226562e-05
11,6.67572021484375e-06,1.5974044799804688e-05
12,6.9141387939453125e-06,1.4781951904296875e-05
13,7.152557373046875e-06,1.621246337890625e-05
14,5.7220458984375e-06,1.621246337890625e-05
15,5.7220458984375e-06,1.7881393432617188e-05
16,6.4373016357421875e-06,1.8358230590820312e-05
17,6.9141387939453125e-06,1.8358230590820312e-05
18,6.67572021484375e-06,1.8835067749023438e-05
19,6.67572021484375e-06,1.9550323486328125e-05
20,6.67572021484375e-06,2.0503997802734375e-05
21,6.9141387939453125e-06,2.1219253540039062e-05
22,7.152557373046875e-06,2.193450927734375e-05
23,9.059906005859375e-06,2.3365020751953125e-05
24,7.867813110351562e-06,2.3603439331054688e-05
25,8.106231689453125e-06,2.4557113647460938e-05
26,8.344650268554688e-06,2.765655517578125e-05
27,9.059906005859375e-06,2.7418136596679688e-05
28,9.059906005859375e-06,2.7894973754882812e-05
29,9.059906005859375e-06,2.8848648071289062e-05
30,9.298324584960938e-06,2.9325485229492188e-05
31,9.298324584960938e-06,3.0279159545898438e-05
32,9.298324584960938e-06,3.0994415283203125e-05
33,9.775161743164062e-06,3.1948089599609375e-05
34,1.0013580322265625e-05,3.266334533691406e-05
35,1.0013580322265625e-05,3.361701965332031e-05
36,1.049041748046875e-05,3.457069396972656e-05
37,1.0728836059570312e-05,3.647804260253906e-05
38,1.1205673217773438e-05,3.647804260253906e-05
39,1.0967254638671875e-05,3.7670135498046875e-05
40,1.1682510375976562e-05,3.838539123535156e-05
41,1.1682510375976562e-05,3.981590270996094e-05
42,1.1682510375976562e-05,4.00543212890625e-05
43,1.2159347534179688e-05,5.316734313964844e-05
44,1.239776611328125e-05,5.459785461425781e-05
45,1.2636184692382812e-05,4.2438507080078125e-05
46,1.2636184692382812e-05,6.461143493652344e-05
47,1.3589859008789062e-05,4.9114227294921875e-05
48,1.3589859008789062e-05,5.7697296142578125e-05
49,1.3828277587890625e-05,4.57763671875e-05
50,1.3828277587890625e-05,5.984306335449219e-05
51,1.4066696166992188e-05,4.76837158203125e-05
52,1.430511474609375e-05,4.9114227294921875e-05
53,1.4781951904296875e-05,4.935264587402344e-05
54,2.3603439331054688e-05,5.1975250244140625e-05
55,1.5497207641601562e-05,5.221366882324219e-05
56,1.5735626220703125e-05,5.269050598144531e-05
57,1.5974044799804688e-05,5.2928924560546875e-05
58,1.5735626220703125e-05,5.340576171875e-05
59,1.5974044799804688e-05,5.435943603515625e-05
60,1.621246337890625e-05,6.747245788574219e-05
61,1.6927719116210938e-05,5.650520324707031e-05
62,1.6927719116210938e-05,5.7220458984375e-05
63,1.6689300537109375e-05,5.7697296142578125e-05
64,1.6927719116210938e-05,5.8650970458984375e-05
65,1.71661376953125e-05,5.9604644775390625e-05
66,1.71661376953125e-05,7.343292236328125e-05
67,1.8358230590820312e-05,6.246566772460938e-05
68,1.811981201171875e-05,6.4849853515625e-05
69,1.8358230590820312e-05,7.581710815429688e-05
70,1.9073486328125e-05,6.461143493652344e-05
71,1.8596649169921875e-05,6.4849853515625e-05
72,1.8835067749023438e-05,6.556510925292969e-05
73,1.9073486328125e-05,7.915496826171875e-05
74,2.0503997802734375e-05,7.82012939453125e-05
75,2.002716064453125e-05,7.033348083496094e-05
76,2.0265579223632812e-05,6.961822509765625e-05
77,2.0503997802734375e-05,8.296966552734375e-05
78,2.1219253540039062e-05,8.225440979003906e-05
79,2.09808349609375e-05,9.131431579589844e-05
80,2.09808349609375e-05,7.414817810058594e-05
81,2.1219253540039062e-05,0.00010371208190917969
82,2.193450927734375e-05,7.581710815429688e-05
83,2.1696090698242188e-05,7.534027099609375e-05
84,2.1696090698242188e-05,8.821487426757812e-05
85,2.2411346435546875e-05,7.82012939453125e-05
86,2.2649765014648438e-05,8.96453857421875e-05
87,2.288818359375e-05,8.988380432128906e-05
88,2.2649765014648438e-05,8.058547973632812e-05
89,2.3126602172851562e-05,9.274482727050781e-05
90,2.3365020751953125e-05,0.000110626220703125
91,2.3365020751953125e-05,9.226799011230469e-05
92,2.384185791015625e-05,9.298324584960938e-05
93,2.384185791015625e-05,9.465217590332031e-05
94,2.4080276489257812e-05,9.512901306152344e-05
95,2.4557113647460938e-05,9.5367431640625e-05
96,2.4557113647460938e-05,9.608268737792969e-05
97,2.4557113647460938e-05,0.0001125335693359375
98,2.5033950805664062e-05,9.799003601074219e-05
99,2.5033950805664062e-05,9.822845458984375e-05
100,2.5272369384765625e-05,0.00010013580322265625
101,2.5510787963867188e-05,0.00010037422180175781
102,2.5510787963867188e-05,0.00010085105895996094
103,2.5987625122070312e-05,0.00010204315185546875
104,2.6226043701171875e-05,0.00010251998901367188
105,2.6464462280273438e-05,0.00011515617370605469
106,2.6464462280273438e-05,0.0001049041748046875
107,2.6702880859375e-05,0.00010585784912109375
108,2.6941299438476562e-05,0.00011467933654785156
109,2.7418136596679688e-05,0.00010704994201660156
110,2.7418136596679688e-05,0.00010776519775390625
111,2.765655517578125e-05,9.918212890625e-05
112,2.8371810913085938e-05,0.00011014938354492188
113,2.86102294921875e-05,0.00011014938354492188
114,2.8371810913085938e-05,0.00011181831359863281
115,2.86102294921875e-05,0.00011277198791503906
116,2.9087066650390625e-05,0.0001423358917236328
117,2.9325485229492188e-05,0.00010466575622558594
118,2.9325485229492188e-05,0.00011515617370605469
119,2.956390380859375e-05,0.0001163482666015625
120,2.9802322387695312e-05,0.00011658668518066406
121,3.0040740966796875e-05,0.000118255615234375
122,3.0279159545898438e-05,0.00011849403381347656
123,3.0517578125e-05,0.00011897087097167969
124,3.0517578125e-05,0.00012087821960449219
125,3.123283386230469e-05,0.00012111663818359375
126,3.1948089599609375e-05,0.0001220703125
127,3.123283386230469e-05,0.00013065338134765625
128,3.170967102050781e-05,0.00012373924255371094
129,3.1948089599609375e-05,0.00012445449829101562
130,3.218650817871094e-05,0.0001327991485595703
131,3.218650817871094e-05,0.0001266002655029297
132,3.24249267578125e-05,0.00011682510375976562
133,3.2901763916015625e-05,0.00012826919555664062
134,3.314018249511719e-05,0.0001220703125
135,3.409385681152344e-05,0.00012063980102539062
136,3.409385681152344e-05,0.00012159347534179688
137,3.2901763916015625e-05,0.00011849403381347656
138,3.409385681152344e-05,0.00012230873107910156
139,3.4332275390625e-05,0.0001232624053955078
140,3.337860107421875e-05,0.00012445449829101562
141,3.361701965332031e-05,0.00012636184692382812
142,3.504753112792969e-05,0.000125885009765625
143,3.528594970703125e-05,0.00012683868408203125
144,3.528594970703125e-05,0.0001277923583984375
145,3.552436828613281e-05,0.0001285076141357422
146,3.5762786865234375e-05,0.00013303756713867188
147,3.600120544433594e-05,0.00013566017150878906
148,3.62396240234375e-05,0.00013136863708496094
149,3.6716461181640625e-05,0.0001316070556640625
150,3.695487976074219e-05,0.00013256072998046875
151,3.695487976074219e-05,0.0001342296600341797
152,3.719329833984375e-05,0.0001342296600341797
153,3.7670135498046875e-05,0.00013518333435058594
154,3.7670135498046875e-05,0.00014543533325195312
155,3.7670135498046875e-05,0.00013685226440429688
156,3.790855407714844e-05,0.00013828277587890625
157,3.814697265625e-05,0.0001385211944580078
158,3.8623809814453125e-05,0.00013947486877441406
159,3.838539123535156e-05,0.00013971328735351562
160,3.886222839355469e-05,0.00014162063598632812
161,3.910064697265625e-05,0.0001418590545654297
162,3.933906555175781e-05,0.00014281272888183594
163,3.981590270996094e-05,0.00014400482177734375
164,3.981590270996094e-05,0.00014448165893554688
165,4.00543212890625e-05,0.00014519691467285156
166,4.100799560546875e-05,0.0001461505889892578
167,4.0531158447265625e-05,0.00014710426330566406
168,4.1484832763671875e-05,0.00014829635620117188
169,4.124641418457031e-05,0.000148773193359375
170,4.1484832763671875e-05,0.00014972686767578125
171,4.1484832763671875e-05,0.00015091896057128906
172,4.1484832763671875e-05,0.0001633167266845703
173,4.1961669921875e-05,0.00015234947204589844
174,4.1961669921875e-05,0.0001533031463623047
175,4.2438507080078125e-05,0.00015401840209960938
176,4.267692565917969e-05,0.0001556873321533203
177,4.291534423828125e-05,0.00015616416931152344
178,4.291534423828125e-05,0.00015687942504882812
179,4.291534423828125e-05,0.00017261505126953125
180,5.316734313964844e-05,0.0001590251922607422
181,4.4345855712890625e-05,0.0001595020294189453
182,4.410743713378906e-05,0.00016021728515625
183,4.38690185546875e-05,0.00016117095947265625
184,4.410743713378906e-05,0.00016188621520996094
185,4.4345855712890625e-05,0.0001628398895263672
186,4.4345855712890625e-05,0.00016355514526367188
187,6.246566772460938e-05,0.000164031982421875
188,4.506111145019531e-05,0.0001647472381591797
189,4.5299530029296875e-05,0.00019741058349609375
190,4.601478576660156e-05,0.00016999244689941406
191,4.57763671875e-05,0.0001678466796875
192,4.601478576660156e-05,0.0001685619354248047
193,4.6253204345703125e-05,0.00016951560974121094
194,4.649162292480469e-05,0.00017023086547851562
195,4.696846008300781e-05,0.00017142295837402344
196,4.673004150390625e-05,0.00020551681518554688
197,0.0001442432403564453,0.0001742839813232422
198,4.744529724121094e-05,0.00017571449279785156
199,7.772445678710938e-05,0.00017595291137695312
200,6.079673767089844e-05,0.00018644332885742188
201,4.887580871582031e-05,0.00017642974853515625
202,4.839897155761719e-05,0.0001773834228515625
203,4.863739013671875e-05,0.00017833709716796875
204,4.887580871582031e-05,0.0001888275146484375
205,4.887580871582031e-05,0.00017976760864257812
206,4.9114227294921875e-05,0.00018072128295898438
207,4.935264587402344e-05,0.00018215179443359375
208,4.982948303222656e-05,0.0001823902130126953
209,4.982948303222656e-05,0.00018596649169921875
210,5.125999450683594e-05,0.00019931793212890625
211,5.221366882324219e-05,0.00018715858459472656
212,5.173683166503906e-05,0.0001938343048095703
213,5.173683166503906e-05,0.00018858909606933594
214,5.14984130859375e-05,0.00018906593322753906
215,5.1975250244140625e-05,0.00018906593322753906
216,5.1975250244140625e-05,0.00018978118896484375
217,6.0558319091796875e-05,0.0002148151397705078
218,5.221366882324219e-05,0.00019168853759765625
219,5.269050598144531e-05,0.00019216537475585938
220,5.269050598144531e-05,0.00019669532775878906
221,5.269050598144531e-05,0.00019407272338867188
222,5.340576171875e-05,0.00020432472229003906
223,5.316734313964844e-05,0.0001957416534423828
224,5.340576171875e-05,0.0001964569091796875
225,5.3882598876953125e-05,0.00019812583923339844
226,5.412101745605469e-05,0.00019788742065429688
227,5.435943603515625e-05,0.00019860267639160156
228,5.435943603515625e-05,0.00019931793212890625
229,5.459785461425781e-05,0.00020051002502441406
230,5.4836273193359375e-05,0.00020122528076171875
231,5.507469177246094e-05,0.00020241737365722656
232,5.507469177246094e-05,0.00020360946655273438
233,7.367134094238281e-05,0.00020384788513183594
234,5.5789947509765625e-05,0.00020503997802734375
235,5.602836608886719e-05,0.00020742416381835938
236,5.745887756347656e-05,0.0002117156982421875
237,6.628036499023438e-05,0.00024962425231933594
238,7.486343383789062e-05,0.0002372264862060547
239,5.698204040527344e-05,0.00021982192993164062
240,5.7220458984375e-05,0.00022077560424804688
241,5.698204040527344e-05,0.00022077560424804688
242,7.271766662597656e-05,0.00022339820861816406
243,6.079673767089844e-05,0.00023674964904785156
244,7.677078247070312e-05,0.00022912025451660156
245,5.841255187988281e-05,0.00022482872009277344
246,5.841255187988281e-05,0.00022554397583007812
247,5.888938903808594e-05,0.00022983551025390625
248,6.747245788574219e-05,0.00021982192993164062
249,6.031990051269531e-05,0.00023674964904785156
250,6.67572021484375e-05,0.00022983551025390625
251,7.867813110351562e-05,0.00022101402282714844
252,6.151199340820312e-05,0.00022077560424804688
253,6.008148193359375e-05,0.0002219676971435547
254,6.008148193359375e-05,0.00022268295288085938
255,6.0558319091796875e-05,0.00023865699768066406
256,6.341934204101562e-05,0.00022459030151367188
257,6.103515625e-05,0.00022554397583007812
258,7.867813110351562e-05,0.0002281665802001953
259,7.939338684082031e-05,0.0002262592315673828
260,6.175041198730469e-05,0.0002384185791015625
261,6.198883056640625e-05,0.0002281665802001953
262,7.987022399902344e-05,0.0002288818359375
263,6.222724914550781e-05,0.0002295970916748047
264,6.914138793945312e-05,0.00023126602172851562
265,6.29425048828125e-05,0.00023126602172851562
266,6.29425048828125e-05,0.0002319812774658203
267,6.318092346191406e-05,0.00023293495178222656
268,6.341934204101562e-05,0.00023436546325683594
269,6.389617919921875e-05,0.0002486705780029297
270,7.295608520507812e-05,0.00023651123046875
271,6.4849853515625e-05,0.00027441978454589844
272,6.508827209472656e-05,0.00023818016052246094
273,6.4849853515625e-05,0.00023865699768066406
274,6.604194641113281e-05,0.00024008750915527344
275,6.556510925292969e-05,0.00024008750915527344
276,7.295608520507812e-05,0.0002410411834716797
277,6.556510925292969e-05,0.00024962425231933594
278,6.628036499023438e-05,0.00024318695068359375
279,6.628036499023438e-05,0.0002498626708984375
280,7.390975952148438e-05,0.00024437904357910156
281,6.67572021484375e-05,0.00025272369384765625
282,6.67572021484375e-05,0.0002465248107910156
283,6.723403930664062e-05,0.000247955322265625
284,7.534027099609375e-05,0.0002694129943847656
285,6.747245788574219e-05,0.00024890899658203125
286,6.794929504394531e-05,0.0002570152282714844
287,7.581710815429688e-05,0.00025010108947753906
288,6.818771362304688e-05,0.00025177001953125
289,7.176399230957031e-05,0.00025200843811035156
290,6.866455078125e-05,0.00025272369384765625
291,8.58306884765625e-05,0.0002701282501220703
292,6.937980651855469e-05,0.0002548694610595703
293,6.937980651855469e-05,0.00025916099548339844
294,6.985664367675781e-05,0.0002624988555908203
295,7.009506225585938e-05,0.00026345252990722656
296,7.772445678710938e-05,0.0002741813659667969
297,7.05718994140625e-05,0.00025916099548339844
298,8.749961853027344e-05,0.0002651214599609375
299,7.081031799316406e-05,0.00026106834411621094
300,8.821487426757812e-05,0.0002834796905517578
301,7.128715515136719e-05,0.000263214111328125
302,7.152557373046875e-05,0.00026345252990722656
303,8.96453857421875e-05,0.0002651214599609375
304,7.200241088867188e-05,0.00027251243591308594
305,7.2479248046875e-05,0.0002663135528564453
306,7.2479248046875e-05,0.0002684593200683594
307,7.271766662597656e-05,0.0002894401550292969
308,7.295608520507812e-05,0.0002694129943847656
309,9.012222290039062e-05,0.0002899169921875
310,7.367134094238281e-05,0.00027108192443847656
311,9.584426879882812e-05,0.00029349327087402344
312,7.414817810058594e-05,0.00028014183044433594
313,7.43865966796875e-05,0.00027370452880859375
314,7.462501525878906e-05,0.00027370452880859375
315,8.20159912109375e-05,0.00029540061950683594
316,7.462501525878906e-05,0.00027632713317871094
317,7.534027099609375e-05,0.0002980232238769531
318,7.557868957519531e-05,0.0002777576446533203
319,7.581710815429688e-05,0.00029921531677246094
320,8.296966552734375e-05,0.0002789497375488281
321,7.605552673339844e-05,0.00028061866760253906
322,7.605552673339844e-05,0.00029659271240234375
323,7.677078247070312e-05,0.00030303001403808594
324,7.653236389160156e-05,0.0002827644348144531
325,7.700920104980469e-05,0.00030541419982910156
326,7.724761962890625e-05,0.00030231475830078125
327,7.82012939453125e-05,0.0003058910369873047
328,8.559226989746094e-05,0.0003066062927246094
329,8.535385131835938e-05,0.0003082752227783203
330,7.796287536621094e-05,0.00028824806213378906
331,9.679794311523438e-05,0.0003046989440917969
332,7.915496826171875e-05,0.0002942085266113281
333,8.654594421386719e-05,0.0003116130828857422
334,7.939338684082031e-05,0.0002911090850830078
335,8.0108642578125e-05,0.0002942085266113281
336,8.797645568847656e-05,0.00030875205993652344
337,8.7738037109375e-05,0.0002942085266113281
338,8.797645568847656e-05,0.0003037452697753906
339,8.749961853027344e-05,0.0003116130828857422
340,8.869171142578125e-05,0.00031185150146484375
341,8.082389831542969e-05,0.0002980232238769531
342,8.106231689453125e-05,0.00029921531677246094
343,8.177757263183594e-05,0.00029969215393066406
344,8.153915405273438e-05,0.00030231475830078125
345,8.225440979003906e-05,0.0003006458282470703
346,8.225440979003906e-05,0.00030303001403808594
347,8.249282836914062e-05,0.0003032684326171875
348,8.296966552734375e-05,0.0003235340118408203
349,9.059906005859375e-05,0.0003147125244140625
350,8.320808410644531e-05,0.0003104209899902344
351,9.083747863769531e-05,0.00032901763916015625
352,9.107589721679688e-05,0.00037407875061035156
353,0.00012350082397460938,0.00033593177795410156
354,0.00010180473327636719,0.0003972053527832031
355,8.487701416015625e-05,0.0003254413604736328
356,0.00010204315185546875,0.0003185272216796875
357,8.749961853027344e-05,0.00032901763916015625
358,9.417533874511719e-05,0.0003266334533691406
359,8.58306884765625e-05,0.0003216266632080078
360,8.678436279296875e-05,0.0003666877746582031
361,9.179115295410156e-05,0.00032210350036621094
362,0.00010037422180175781,0.00033855438232421875
363,8.702278137207031e-05,0.0003311634063720703
364,8.7738037109375e-05,0.00031948089599609375
365,9.107589721679688e-05,0.00036907196044921875
366,0.00010800361633300781,0.00039696693420410156
367,8.821487426757812e-05,0.0003333091735839844
368,0.00010013580322265625,0.0003325939178466797
369,8.821487426757812e-05,0.0003249645233154297
370,0.00010752677917480469,0.000335693359375
371,8.845329284667969e-05,0.0003523826599121094
372,8.916854858398438e-05,0.00033926963806152344
373,0.00010728836059570312,0.00043463706970214844
374,0.0001404285430908203,0.0004668235778808594
375,9.703636169433594e-05,0.0003833770751953125
376,0.00013446807861328125,0.00039577484130859375
377,9.036064147949219e-05,0.0003597736358642578
378,9.012222290039062e-05,0.0003597736358642578
379,8.988380432128906e-05,0.0003643035888671875
380,9.012222290039062e-05,0.0003619194030761719
381,9.107589721679688e-05,0.0003762245178222656
382,9.775161743164062e-05,0.0003635883331298828
383,9.107589721679688e-05,0.00036644935607910156
384,9.131431579589844e-05,0.0003681182861328125
385,9.179115295410156e-05,0.0003809928894042969
386,9.202957153320312e-05,0.00036716461181640625
387,9.250640869140625e-05,0.00037932395935058594
388,0.00010013580322265625,0.0003848075866699219
389,9.393692016601562e-05,0.0003731250762939453
390,9.72747802734375e-05,0.0003516674041748047
391,0.00010776519775390625,0.00036263465881347656
392,0.00010704994201660156,0.00035834312438964844
393,0.00010824203491210938,0.0003616809844970703
394,0.00013184547424316406,0.0004360675811767578
395,0.00011754035949707031,0.0003826618194580078
396,0.00011754035949707031,0.00038242340087890625
397,0.00011229515075683594,0.0003654956817626953
398,0.00010848045349121094,0.0003845691680908203
399,0.00011301040649414062,0.00039505958557128906
400,0.000110626220703125,0.0003821849822998047
401,0.00011682510375976562,0.0004227161407470703
402,0.00011181831359863281,0.00039649009704589844
403,0.00011396408081054688,0.0004017353057861328
404,0.00011420249938964844,0.0004048347473144531
405,0.00012421607971191406,0.00037169456481933594
406,0.00011444091796875,0.0003795623779296875
407,0.00012087821960449219,0.0004940032958984375
408,0.00022649765014648438,0.0004215240478515625
409,0.00020265579223632812,0.0004017353057861328
410,0.000125885009765625,0.0003724098205566406
411,0.00012111663818359375,0.000415802001953125
412,0.0001232624053955078,0.0004010200500488281
413,0.00012731552124023438,0.0003781318664550781
414,0.0001125335693359375,0.00040411949157714844
415,0.0001220703125,0.000370025634765625
416,0.00012087821960449219,0.00037097930908203125
417,0.00012183189392089844,0.0003809928894042969
418,0.00011301040649414062,0.0003750324249267578
419,0.00011348724365234375,0.00038123130798339844
420,0.00011372566223144531,0.00038361549377441406
421,0.00011372566223144531,0.0003745555877685547
422,0.00011396408081054688,0.0004048347473144531
423,0.0001239776611328125,0.0004012584686279297
424,0.0001239776611328125,0.00038552284240722656
425,0.000118255615234375,0.0003883838653564453
426,0.00011873245239257812,0.00038909912109375
427,0.00011944770812988281,0.00038909912109375
428,0.00011897087097167969,0.00039768218994140625
429,0.00011944770812988281,0.00039196014404296875
430,0.00011968612670898438,0.0003921985626220703
431,0.00011968612670898438,0.0003941059112548828
432,0.00011968612670898438,0.00039458274841308594
433,0.00012040138244628906,0.0003955364227294922
434,0.00011992454528808594,0.00039577484130859375
435,0.0001327991485595703,0.0003974437713623047
436,0.00012040138244628906,0.00040841102600097656
437,0.00012111663818359375,0.00038814544677734375
438,0.000118255615234375,0.0003991127014160156
439,0.00012755393981933594,0.00044345855712890625
440,0.00012493133544921875,0.00041103363037109375
441,0.00013017654418945312,0.00040030479431152344
442,0.0001480579376220703,0.00047278404235839844
443,0.00013136863708496094,0.00040435791015625
444,0.00013709068298339844,0.00040411949157714844
445,0.0001201629638671875,0.0004036426544189453
446,0.00012040138244628906,0.00042557716369628906
447,0.00012040138244628906,0.00039649009704589844
448,0.00012063980102539062,0.0004189014434814453
449,0.00012040138244628906,0.0004208087921142578
450,0.00013256072998046875,0.000408172607421875
451,0.00013065338134765625,0.0004096031188964844
452,0.00012135505676269531,0.0004074573516845703
453,0.0001220703125,0.00040221214294433594
454,0.00012183189392089844,0.00041103363037109375
455,0.00014090538024902344,0.0004215240478515625
456,0.0001475811004638672,0.00044727325439453125
457,0.00013208389282226562,0.0004134178161621094
458,0.00013327598571777344,0.00041794776916503906
459,0.00012302398681640625,0.00042939186096191406
460,0.0001323223114013672,0.00043129920959472656
461,0.00013375282287597656,0.00041675567626953125
462,0.00013256072998046875,0.00045990943908691406
463,0.0001361370086669922,0.00047135353088378906
464,0.00015091896057128906,0.00044536590576171875
465,0.00012493133544921875,0.0004360675811767578
466,0.00012493133544921875,0.0004124641418457031
467,0.0001251697540283203,0.0004286766052246094
468,0.00013518333435058594,0.0004420280456542969
469,0.00014400482177734375,0.0004336833953857422
470,0.0001480579376220703,0.00046133995056152344
471,0.00012636184692382812,0.0004296302795410156
472,0.00012969970703125,0.0005102157592773438
473,0.0001468658447265625,0.0004279613494873047
474,0.00014638900756835938,0.0004284381866455078
475,0.00013637542724609375,0.00047397613525390625
476,0.00012731552124023438,0.0004627704620361328
477,0.00013136863708496094,0.0004425048828125
478,0.00014662742614746094,0.00045013427734375
479,0.0001506805419921875,0.0004520416259765625
480,0.0001327991485595703,0.00045752525329589844
481,0.00013947486877441406,0.0004458427429199219
482,0.00013303756713867188,0.00045752525329589844
483,0.0001404285430908203,0.0005228519439697266
484,0.00014400482177734375,0.00047135353088378906
485,0.0001709461212158203,0.00044536590576171875
486,0.00013017654418945312,0.00045299530029296875
487,0.0001652240753173828,0.0004553794860839844
488,0.0001392364501953125,0.0004787445068359375
489,0.00014209747314453125,0.0004630088806152344
490,0.00013017654418945312,0.00047659873962402344
491,0.00014066696166992188,0.00044465065002441406
492,0.00014138221740722656,0.0004787445068359375
493,0.0001366138458251953,0.00046253204345703125
494,0.00013184547424316406,0.0004622936248779297
495,0.00013184547424316406,0.00045800209045410156
496,0.0001430511474609375,0.0004875659942626953
497,0.0001437664031982422,0.0004661083221435547
498,0.00017213821411132812,0.0004699230194091797
499,0.00015163421630859375,0.00045299530029296875
500,0.00013709068298339844,0.0004508495330810547
501,0.00016880035400390625,0.0004913806915283203
502,0.00014662742614746094,0.0004839897155761719
503,0.00014257431030273438,0.00048732757568359375
504,0.0001399517059326172,0.00045299530029296875
505,0.00014019012451171875,0.0004723072052001953
506,0.00014829635620117188,0.00048804283142089844
507,0.00015211105346679688,0.00048041343688964844
508,0.0001392364501953125,0.0004818439483642578
509,0.00014090538024902344,0.00047779083251953125
510,0.00014472007751464844,0.0004956722259521484
511,0.00019288063049316406,0.0005362033843994141
512,0.000164031982421875,0.00048804283142089844
513,0.00014448165893554688,0.00048041343688964844
514,0.00014472007751464844,0.00048089027404785156
515,0.00014448165893554688,0.0004813671112060547
516,0.0001442432403564453,0.00048232078552246094
517,0.00015425682067871094,0.0004990100860595703
518,0.0001506805419921875,0.0005042552947998047
519,0.00014543533325195312,0.000484466552734375
520,0.00014591217041015625,0.0004918575286865234
521,0.0001461505889892578,0.00048661231994628906
522,0.00014638900756835938,0.0004878044128417969
523,0.00014638900756835938,0.0004885196685791016
524,0.0001468658447265625,0.00048828125
525,0.00014710426330566406,0.0004897117614746094
526,0.0001571178436279297,0.0005052089691162109
527,0.00015163421630859375,0.00046706199645996094
528,0.00015425682067871094,0.0004940032958984375
529,0.00015497207641601562,0.0005307197570800781
530,0.00016188621520996094,0.0004940032958984375
531,0.00015687942504882812,0.0004858970642089844
532,0.0001552104949951172,0.0005116462707519531
533,0.00015354156494140625,0.0005128383636474609
534,0.000156402587890625,0.0004673004150390625
535,0.00017070770263671875,0.0004956722259521484
536,0.0001671314239501953,0.0005044937133789062
537,0.00018978118896484375,0.0005388259887695312
538,0.00015544891357421875,0.0005176067352294922
539,0.00016999244689941406,0.0005502700805664062
540,0.00015664100646972656,0.0005192756652832031
541,0.00015592575073242188,0.0005192756652832031
542,0.0001556873321533203,0.0005257129669189453
543,0.0001556873321533203,0.0005223751068115234
544,0.00015616416931152344,0.0005218982696533203
545,0.000156402587890625,0.0005385875701904297
546,0.0001571178436279297,0.0005252361297607422
547,0.00015664100646972656,0.0005249977111816406
548,0.00015687942504882812,0.00052642822265625
549,0.00015687942504882812,0.0005285739898681641
550,0.00015735626220703125,0.0005075931549072266
551,0.0001537799835205078,0.0004932880401611328
552,0.00015401840209960938,0.0005054473876953125
553,0.0001506805419921875,0.0004963874816894531
554,0.00014543533325195312,0.0004992485046386719
555,0.00015473365783691406,0.0005333423614501953
556,0.00015926361083984375,0.0005290508270263672
557,0.00015497207641601562,0.0005147457122802734
558,0.0001556873321533203,0.0005002021789550781
559,0.00015544891357421875,0.0005004405975341797
560,0.0001556873321533203,0.0005016326904296875
561,0.00014638900756835938,0.0005018711090087891
562,0.00015616416931152344,0.0005300045013427734
563,0.0001513957977294922,0.0005180835723876953
564,0.00015163421630859375,0.0005102157592773438
565,0.0001513957977294922,0.0005104541778564453
566,0.00015211105346679688,0.0005116462707519531
567,0.00015234947204589844,0.000518798828125
568,0.00015282630920410156,0.0005128383636474609
569,0.000152587890625,0.0005137920379638672
570,0.00015306472778320312,0.0005142688751220703
571,0.00015354156494140625,0.0005178451538085938
572,0.0001537799835205078,0.0005214214324951172
573,0.00015425682067871094,0.0005173683166503906
574,0.00015401840209960938,0.0005183219909667969
575,0.00015425682067871094,0.0005202293395996094
576,0.0001544952392578125,0.0005614757537841797
577,0.000164031982421875,0.0005536079406738281
578,0.0001614093780517578,0.0005168914794921875
579,0.00015115737915039062,0.0005581378936767578
580,0.0001652240753173828,0.0005390644073486328
581,0.0001513957977294922,0.0005195140838623047
582,0.00015163421630859375,0.0005640983581542969
583,0.0001690387725830078,0.0005481243133544922
584,0.00020599365234375,0.0005714893341064453
585,0.00021314620971679688,0.0007112026214599609
586,0.0002155303955078125,0.0007138252258300781
587,0.00021338462829589844,0.0007245540618896484
588,0.00021386146545410156,0.0005998611450195312
589,0.0001773834228515625,0.00057220458984375
590,0.00034499168395996094,0.000530242919921875
591,0.00015807151794433594,0.0005347728729248047
592,0.000164031982421875,0.0005626678466796875
593,0.00017189979553222656,0.0005271434783935547
594,0.00016355514526367188,0.00052642822265625
595,0.0001983642578125,0.0005488395690917969
596,0.00015974044799804688,0.0005180835723876953
597,0.0001533031463623047,0.0005807876586914062
598,0.00016999244689941406,0.0005533695220947266
599,0.00017261505126953125,0.0006122589111328125
600,0.00017309188842773438,0.000568389892578125
601,0.00016188621520996094,0.0005462169647216797
602,0.00016164779663085938,0.0005567073822021484
603,0.00016689300537109375,0.0005280971527099609
604,0.00016736984252929688,0.0005509853363037109
605,0.00018167495727539062,0.0005495548248291016
606,0.00015807151794433594,0.0005900859832763672
607,0.00016760826110839844,0.000553131103515625
608,0.00016260147094726562,0.0005514621734619141
609,0.00017786026000976562,0.0005803108215332031
610,0.00016617774963378906,0.000591278076171875
611,0.0001633167266845703,0.0005846023559570312
612,0.00017762184143066406,0.0006666183471679688
613,0.0001971721649169922,0.0005505084991455078
614,0.0002155303955078125,0.0005486011505126953
615,0.00017023086547851562,0.0005681514739990234
616,0.00015997886657714844,0.0005567073822021484
617,0.00016927719116210938,0.0006124973297119141
618,0.0001609325408935547,0.0005519390106201172
619,0.0001838207244873047,0.0005919933319091797
620,0.00017499923706054688,0.0005538463592529297
621,0.000171661376953125,0.0005681514739990234
622,0.0001838207244873047,0.0005676746368408203
623,0.00018906593322753906,0.0005662441253662109
624,0.00017070770263671875,0.0005714893341064453
625,0.00017118453979492188,0.0006124973297119141
626,0.000171661376953125,0.0005495548248291016
627,0.00016260147094726562,0.0005483627319335938
628,0.0001723766326904297,0.0005602836608886719
629,0.0001888275146484375,0.000576019287109375
630,0.00017952919006347656,0.0005745887756347656
631,0.0001728534698486328,0.0005643367767333984
632,0.0001888275146484375,0.0006082057952880859
633,0.00020956993103027344,0.0006089210510253906
634,0.000213623046875,0.0006012916564941406
635,0.00017380714416503906,0.0005557537078857422
636,0.00017404556274414062,0.0005807876586914062
637,0.00017380714416503906,0.0005817413330078125
638,0.00016498565673828125,0.0005583763122558594
639,0.00017452239990234375,0.0005824565887451172
640,0.00016546249389648438,0.0006132125854492188
641,0.0001804828643798828,0.0005958080291748047
642,0.00017499923706054688,0.0005898475646972656
643,0.00018024444580078125,0.000606536865234375
644,0.00016641616821289062,0.0005908012390136719
645,0.00017905235290527344,0.0005667209625244141
646,0.0001666545867919922,0.0005905628204345703
647,0.00019073486328125,0.0006232261657714844
648,0.00018405914306640625,0.0006258487701416016
649,0.00018477439880371094,0.0006275177001953125
650,0.00017309188842773438,0.0005743503570556641
651,0.0001766681671142578,0.00060272216796875
652,0.00018405914306640625,0.0005819797515869141
653,0.0001838207244873047,0.0006415843963623047
654,0.000225067138671875,0.0007646083831787109
655,0.000225067138671875,0.000762939453125
656,0.000225067138671875,0.0007643699645996094
657,0.00025391578674316406,0.0008640289306640625
658,0.0002281665802001953,0.0007672309875488281
659,0.0002334117889404297,0.000766754150390625
660,0.00022673606872558594,0.0007691383361816406
661,0.00022673606872558594,0.0007698535919189453
662,0.00022721290588378906,0.0007255077362060547
663,0.0001876354217529297,0.0006337165832519531
664,0.00019502639770507812,0.0006363391876220703
665,0.0001976490020751953,0.0006089210510253906
666,0.00016760826110839844,0.0006008148193359375
667,0.0001857280731201172,0.0006020069122314453
668,0.00019812583923339844,0.0006186962127685547
669,0.00018072128295898438,0.0007596015930175781
670,0.00020265579223632812,0.0006926059722900391
671,0.0002014636993408203,0.0006814002990722656
672,0.00020241737365722656,0.0006821155548095703
673,0.0002009868621826172,0.0006840229034423828
674,0.0002033710479736328,0.0006961822509765625
675,0.0002276897430419922,0.0006897449493408203
676,0.0002090930938720703,0.0006277561187744141
677,0.0003418922424316406,0.0007331371307373047
678,0.0001881122589111328,0.0006809234619140625
679,0.00019431114196777344,0.0006058216094970703
680,0.00028324127197265625,0.0005972385406494141
681,0.00018405914306640625,0.0005991458892822266
682,0.00018334388732910156,0.0006008148193359375
683,0.00018310546875,0.0006098747253417969
684,0.000194549560546875,0.0006515979766845703
685,0.00019168853759765625,0.0006475448608398438
686,0.0001976490020751953,0.0006532669067382812
687,0.0001926422119140625,0.0006566047668457031
688,0.00019407272338867188,0.0006761550903320312
689,0.00019502639770507812,0.0006575584411621094
690,0.0002052783966064453,0.0006811618804931641
691,0.000194549560546875,0.0006592273712158203
692,0.00019359588623046875,0.0006606578826904297
693,0.00020170211791992188,0.0006618499755859375
694,0.00019431114196777344,0.0006604194641113281
695,0.00019431114196777344,0.0006616115570068359
696,0.000194549560546875,0.0006632804870605469
697,0.00022029876708984375,0.0006186962127685547
698,0.00018835067749023438,0.0006303787231445312
699,0.00017881393432617188,0.0006308555603027344
700,0.0001876354217529297,0.000667572021484375
701,0.00019598007202148438,0.0006473064422607422
702,0.00018906593322753906,0.0006706714630126953
703,0.00018906593322753906,0.0006344318389892578
704,0.00019073486328125,0.0006449222564697266
705,0.00019216537475585938,0.0006377696990966797
706,0.00019121170043945312,0.0006384849548339844
707,0.00018072128295898438,0.0006430149078369141
708,0.00019097328186035156,0.0006892681121826172
709,0.00019860267639160156,0.0006589889526367188
710,0.00021004676818847656,0.0006284713745117188
711,0.00018310546875,0.0006289482116699219
712,0.00019121170043945312,0.0006315708160400391
713,0.00019168853759765625,0.0006320476531982422
714,0.00020122528076171875,0.0006365776062011719
715,0.00019860267639160156,0.0006821155548095703
716,0.00019931793212890625,0.0006561279296875
717,0.00019216537475585938,0.0006577968597412109
718,0.000194549560546875,0.0006630420684814453
719,0.00019431114196777344,0.0006623268127441406
720,0.00019478797912597656,0.0006849765777587891
721,0.00020623207092285156,0.0006864070892333984
722,0.00019478797912597656,0.0006666183471679688
723,0.00019502639770507812,0.0006663799285888672
724,0.00019598007202148438,0.0006673336029052734
725,0.0002071857452392578,0.0006685256958007812
726,0.0001957416534423828,0.0006701946258544922
727,0.0001964569091796875,0.0006711483001708984
728,0.00019621849060058594,0.0006716251373291016
729,0.00022935867309570312,0.0006937980651855469
730,0.0002033710479736328,0.0006914138793945312
731,0.0002014636993408203,0.0006630420684814453
732,0.0002009868621826172,0.0006971359252929688
733,0.00020384788513183594,0.0006635189056396484
734,0.00021028518676757812,0.0006728172302246094
735,0.0002009868621826172,0.0006573200225830078
736,0.00019168853759765625,0.0006453990936279297
737,0.00020122528076171875,0.0006575584411621094
738,0.00019216537475585938,0.0007033348083496094
739,0.00020551681518554688,0.0006916522979736328
740,0.0001990795135498047,0.0006830692291259766
741,0.00020551681518554688,0.0006835460662841797
742,0.00019979476928710938,0.0006847381591796875
743,0.00020074844360351562,0.0006842613220214844
744,0.00020003318786621094,0.0006854534149169922
745,0.0002014636993408203,0.0006868839263916016
746,0.00020074844360351562,0.0007009506225585938
747,0.00020933151245117188,0.0007240772247314453
748,0.000213623046875,0.0007040500640869141
749,0.0001995563507080078,0.0007159709930419922
750,0.000202178955078125,0.0006744861602783203
751,0.00020003318786621094,0.0006756782531738281
752,0.0002167224884033203,0.0007569789886474609
753,0.00019812583923339844,0.0006899833679199219
754,0.00022459030151367188,0.0007205009460449219
755,0.0001938343048095703,0.0007009506225585938
756,0.00019812583923339844,0.0006985664367675781
757,0.0001995563507080078,0.0007419586181640625
758,0.00022101402282714844,0.0007443428039550781
759,0.00020456314086914062,0.0006847381591796875
760,0.00020432472229003906,0.0006844997406005859
761,0.0001995563507080078,0.0006768703460693359
762,0.00021386146545410156,0.0007824897766113281
763,0.00020956993103027344,0.0006899833679199219
764,0.00021219253540039062,0.0006787776947021484
765,0.00019884109497070312,0.0007927417755126953
766,0.00020503997802734375,0.0006952285766601562
767,0.00028014183044433594,0.0007963180541992188
768,0.00022745132446289062,0.0007903575897216797
769,0.00023245811462402344,0.00079345703125
770,0.00022673606872558594,0.000797271728515625
771,0.00022840499877929688,0.0008084774017333984
772,0.00022840499877929688,0.0007951259613037109
773,0.0002276897430419922,0.0007956027984619141
774,0.0002281665802001953,0.0007987022399902344
775,0.00022935867309570312,0.0007469654083251953
776,0.00020813941955566406,0.0007557868957519531
777,0.00023746490478515625,0.0007097721099853516
778,0.00019741058349609375,0.0007603168487548828
779,0.00021839141845703125,0.0007472038269042969
780,0.0002224445343017578,0.0007464885711669922
781,0.0002262592315673828,0.0007562637329101562
782,0.00023126602172851562,0.0007050037384033203
783,0.00022125244140625,0.0007596015930175781
784,0.0002243518829345703,0.0007405281066894531
785,0.00022530555725097656,0.0007736682891845703
786,0.0002377033233642578,0.0007760524749755859
787,0.0005865097045898438,0.0023245811462402344
788,0.0002636909484863281,0.0007543563842773438
789,0.00022149085998535156,0.0007228851318359375
790,0.0002238750457763672,0.0007278919219970703
791,0.00027680397033691406,0.0007333755493164062
792,0.0002269744873046875,0.0007867813110351562
793,0.000217437744140625,0.0007345676422119141
794,0.0002651214599609375,0.0007879734039306641
795,0.0002474784851074219,0.0007557868957519531
796,0.0002636909484863281,0.0007958412170410156
797,0.0002238750457763672,0.0007901191711425781
798,0.00024437904357910156,0.001294851303100586
799,0.00024008750915527344,0.0007300376892089844
800,0.0002579689025878906,0.0007812976837158203
801,0.0002522468566894531,0.0007638931274414062
802,0.0002868175506591797,0.0007715225219726562
803,0.0002257823944091797,0.0007328987121582031
804,0.0002224445343017578,0.0007319450378417969
805,0.0002224445343017578,0.0007343292236328125
806,0.0002219676971435547,0.0007333755493164062
807,0.00022363662719726562,0.0007348060607910156
808,0.00022339820861816406,0.0007359981536865234
809,0.00022292137145996094,0.0007498264312744141
810,0.0002231597900390625,0.0007436275482177734
811,0.00022339820861816406,0.0007379055023193359
812,0.0002243518829345703,0.0007381439208984375
813,0.00022411346435546875,0.0007412433624267578
814,0.0002295970916748047,0.0007390975952148438
815,0.00024390220642089844,0.0007450580596923828
816,0.00024318695068359375,0.0007445812225341797
817,0.0002422332763671875,0.0007452964782714844
818,0.00024127960205078125,0.0007445812225341797
819,0.0002460479736328125,0.0007460117340087891
820,0.00024509429931640625,0.0007467269897460938
821,0.00024390220642089844,0.0007526874542236328
822,0.0002455711364746094,0.0007441043853759766
823,0.00022983551025390625,0.0007417201995849609
824,0.0002493858337402344,0.0008015632629394531
825,0.00025272369384765625,0.0007290840148925781
826,0.00024437904357910156,0.0007302761077880859
827,0.00024628639221191406,0.0007555484771728516
828,0.00022101402282714844,0.0007374286651611328
829,0.00024509429931640625,0.0007548332214355469
830,0.00024628639221191406,0.00075531005859375
831,0.0002484321594238281,0.0007491111755371094
832,0.00023674964904785156,0.0007865428924560547
833,0.0002510547637939453,0.0008070468902587891
834,0.0002434253692626953,0.0007846355438232422
835,0.00026535987854003906,0.0007402896881103516
836,0.0002377033233642578,0.0007641315460205078
837,0.00023818016052246094,0.0007419586181640625
838,0.0002789497375488281,0.0009951591491699219
839,0.0002391338348388672,0.0007770061492919922
840,0.0002334117889404297,0.0007653236389160156
841,0.00023436546325683594,0.0007708072662353516
842,0.00023174285888671875,0.0008294582366943359
843,0.0002448558807373047,0.0007677078247070312
844,0.00024771690368652344,0.0008063316345214844
845,0.0002491474151611328,0.0007562637329101562
846,0.00024890899658203125,0.0008137226104736328
847,0.00022935867309570312,0.0008189678192138672
848,0.0002493858337402344,0.0008366107940673828
849,0.00023937225341796875,0.0008339881896972656
850,0.0002956390380859375,0.0009081363677978516
851,0.0002789497375488281,0.0008089542388916016
852,0.00023984909057617188,0.0008137226104736328
853,0.0002655982971191406,0.0007939338684082031
854,0.00023627281188964844,0.0008203983306884766
855,0.0002532005310058594,0.0007846355438232422
856,0.0002372264862060547,0.0007655620574951172
857,0.0002751350402832031,0.0008084774017333984
858,0.0002758502960205078,0.0007686614990234375
859,0.00023818016052246094,0.0007679462432861328
860,0.00023794174194335938,0.0007679462432861328
861,0.0002357959747314453,0.0009210109710693359
862,0.0002422332763671875,0.0007908344268798828
863,0.0002391338348388672,0.0008094310760498047
864,0.0002391338348388672,0.0007729530334472656
865,0.00025343894958496094,0.0008249282836914062
866,0.0002601146697998047,0.0008065700531005859
867,0.00023174285888671875,0.00079345703125
868,0.0002434253692626953,0.0007760524749755859
869,0.00024199485778808594,0.0007822513580322266
870,0.0002789497375488281,0.0008225440979003906
871,0.0002601146697998047,0.0008144378662109375
872,0.00026416778564453125,0.0007967948913574219
873,0.0002410411834716797,0.0007982254028320312
874,0.00024890899658203125,0.0008864402770996094
875,0.0003197193145751953,0.0007865428924560547
876,0.00024580955505371094,0.0008234977722167969
877,0.0002703666687011719,0.0008025169372558594
878,0.00023317337036132812,0.0008029937744140625
879,0.00025200843811035156,0.0008292198181152344
880,0.0002467632293701172,0.0008547306060791016
881,0.0002465248107910156,0.0008058547973632812
882,0.0002465248107910156,0.0007879734039306641
883,0.0002624988555908203,0.000843048095703125
884,0.00028228759765625,0.0007944107055664062
885,0.00024390220642089844,0.0007936954498291016
886,0.0002579689025878906,0.0008034706115722656
887,0.00024700164794921875,0.0008077621459960938
888,0.00026035308837890625,0.0008604526519775391
889,0.00026106834411621094,0.0008349418640136719
890,0.0002498626708984375,0.0008318424224853516
891,0.00025010108947753906,0.0008318424224853516
892,0.00025010108947753906,0.0008513927459716797
893,0.00025343894958496094,0.0008332729339599609
894,0.00025081634521484375,0.0008602142333984375
895,0.0002586841583251953,0.0008835792541503906
896,0.00025963783264160156,0.0008609294891357422
897,0.00025963783264160156,0.00086212158203125
898,0.00025916099548339844,0.00087738037109375
899,0.00025963783264160156,0.0008630752563476562
900,0.00025916099548339844,0.0008645057678222656
901,0.00025963783264160156,0.0008685588836669922
902,0.0002605915069580078,0.0008678436279296875
903,0.00026035308837890625,0.0008237361907958984
904,0.00025081634521484375,0.0008900165557861328
905,0.00026154518127441406,0.00079345703125
906,0.00024318695068359375,0.0008029937744140625
907,0.00025343894958496094,0.0007996559143066406
908,0.0002543926239013672,0.0008709430694580078
909,0.0003120899200439453,0.00084686279296875
910,0.0002684593200683594,0.0008485317230224609
911,0.0002689361572265625,0.0008246898651123047
912,0.00027179718017578125,0.0008234977722167969
913,0.00029587745666503906,0.0008344650268554688
914,0.0002512931823730469,0.0008072853088378906
915,0.0002541542053222656,0.0008392333984375
916,0.00025773048400878906,0.0008132457733154297
917,0.00028443336486816406,0.0008296966552734375
918,0.00026917457580566406,0.0008246898651123047
919,0.0002689361572265625,0.0008270740509033203
920,0.0002512931823730469,0.0009016990661621094
921,0.00032067298889160156,0.0009834766387939453
922,0.00027489662170410156,0.000823974609375
923,0.00027561187744140625,0.0008387565612792969
924,0.00027561187744140625,0.0008394718170166016
925,0.0002586841583251953,0.0008146762847900391
926,0.0002541542053222656,0.0010395050048828125
927,0.0003039836883544922,0.0010137557983398438
928,0.0003037452697753906,0.001020669937133789
929,0.0002925395965576172,0.0008690357208251953
930,0.00025463104248046875,0.0009226799011230469
931,0.00027179718017578125,0.000988006591796875
932,0.0002586841583251953,0.0008530616760253906
933,0.0002560615539550781,0.00083160400390625
934,0.00026869773864746094,0.0009083747863769531
935,0.0002694129943847656,0.0008459091186523438
936,0.00026798248291015625,0.0008533000946044922
937,0.00025844573974609375,0.0008585453033447266
938,0.0002472400665283203,0.0008249282836914062
939,0.00024700164794921875,0.0008268356323242188
940,0.00025844573974609375,0.0008275508880615234
941,0.0002663135528564453,0.0008945465087890625
942,0.00033092498779296875,0.0010333061218261719
943,0.0002675056457519531,0.0008955001831054688
944,0.0002655982971191406,0.0008299350738525391
945,0.000263214111328125,0.0008709430694580078
946,0.0002741813659667969,0.0008578300476074219
947,0.0002701282501220703,0.0008411407470703125
948,0.00027251243591308594,0.0009868144989013672
949,0.00028324127197265625,0.0009655952453613281
950,0.0002586841583251953,0.0008609294891357422
951,0.00026154518127441406,0.0009300708770751953
952,0.0002605915069580078,0.0008990764617919922
953,0.0002779960632324219,0.0008513927459716797
954,0.00026226043701171875,0.0008819103240966797
955,0.0002608299255371094,0.0009071826934814453
956,0.00025153160095214844,0.0008409023284912109
957,0.00026106834411621094,0.0009014606475830078
958,0.0002684593200683594,0.0009696483612060547
959,0.0002789497375488281,0.0009570121765136719
960,0.00027871131896972656,0.000865936279296875
961,0.0002772808074951172,0.0009007453918457031
962,0.00027441978454589844,0.0008792877197265625
963,0.00028586387634277344,0.0008671283721923828
964,0.0002753734588623047,0.0008661746978759766
965,0.00032138824462890625,0.0009045600891113281
966,0.0002551078796386719,0.0008783340454101562
967,0.00026345252990722656,0.0008482933044433594
968,0.0002808570861816406,0.0008640289306640625
969,0.0002639293670654297,0.0009503364562988281
970,0.00028014183044433594,0.0009312629699707031
971,0.00027823448181152344,0.0009393692016601562
972,0.0002779960632324219,0.0009319782257080078
973,0.000278472900390625,0.0009334087371826172
974,0.00027823448181152344,0.0010187625885009766
975,0.00030684471130371094,0.0010273456573486328
976,0.0003108978271484375,0.0010504722595214844
977,0.00031113624572753906,0.0010356903076171875
978,0.000308990478515625,0.0010313987731933594
979,0.00030875205993652344,0.0010373592376708984
980,0.000308990478515625,0.0010595321655273438
981,0.0003523826599121094,0.0009875297546386719
982,0.0002722740173339844,0.0008854866027832031
983,0.0003159046173095703,0.0010325908660888672
984,0.00026988983154296875,0.0009486675262451172
985,0.00030350685119628906,0.0008978843688964844
986,0.0002970695495605469,0.0009033679962158203
987,0.0003285408020019531,0.0009210109710693359
988,0.00029349327087402344,0.0009028911590576172
989,0.00029015541076660156,0.0009684562683105469
990,0.00028777122497558594,0.0009329319000244141
991,0.0002994537353515625,0.0010232925415039062
992,0.00031304359436035156,0.0009050369262695312
993,0.0003001689910888672,0.0009541511535644531
994,0.0002701282501220703,0.0008947849273681641
995,0.0002834796905517578,0.0008733272552490234
996,0.0002853870391845703,0.0009000301361083984
997,0.00028204917907714844,0.0009570121765136719
998,0.00028228759765625,0.0008978843688964844
999,0.0002627372741699219,0.0009047985076904297
1000,0.0002830028533935547,0.0009024143218994141
