0,1.430511474609375e-06,7.152557373046875e-07,7.152557373046875e-07
1,7.152557373046875e-07,4.76837158203125e-07,4.76837158203125e-07
2,7.152557373046875e-07,4.76837158203125e-07,2.384185791015625e-07
3,4.76837158203125e-07,2.384185791015625e-07,4.76837158203125e-07
4,4.76837158203125e-07,2.384185791015625e-07,4.76837158203125e-07
5,7.152557373046875e-07,4.76837158203125e-07,2.384185791015625e-07
6,7.152557373046875e-07,2.384185791015625e-07,4.76837158203125e-07
7,4.76837158203125e-07,2.384185791015625e-07,2.384185791015625e-07
8,7.152557373046875e-07,2.384185791015625e-07,4.76837158203125e-07
9,7.152557373046875e-07,2.384185791015625e-07,2.384185791015625e-07
10,7.152557373046875e-07,2.384185791015625e-07,2.384185791015625e-07
11,7.152557373046875e-07,2.384185791015625e-07,4.76837158203125e-07
12,9.5367431640625e-07,2.384185791015625e-07,4.76837158203125e-07
13,7.152557373046875e-07,2.384185791015625e-07,4.76837158203125e-07
14,7.152557373046875e-07,2.384185791015625e-07,4.76837158203125e-07
15,9.5367431640625e-07,4.76837158203125e-07,2.384185791015625e-07
16,9.5367431640625e-07,4.76837158203125e-07,2.384185791015625e-07
17,9.5367431640625e-07,2.384185791015625e-07,2.384185791015625e-07
18,9.5367431640625e-07,2.384185791015625e-07,2.384185791015625e-07
19,9.5367431640625e-07,4.76837158203125e-07,2.384185791015625e-07
20,9.5367431640625e-07,4.76837158203125e-07,2.384185791015625e-07
21,9.5367431640625e-07,2.384185791015625e-07,2.384185791015625e-07
22,9.5367431640625e-07,2.384185791015625e-07,2.384185791015625e-07
23,9.5367431640625e-07,4.76837158203125e-07,2.384185791015625e-07
24,9.5367431640625e-07,4.76837158203125e-07,2.384185791015625e-07
25,9.5367431640625e-07,2.384185791015625e-07,2.384185791015625e-07
26,1.1920928955078125e-06,4.76837158203125e-07,2.384185791015625e-07
27,1.1920928955078125e-06,4.76837158203125e-07,2.384185791015625e-07
28,1.1920928955078125e-06,4.76837158203125e-07,2.384185791015625e-07
29,9.5367431640625e-07,2.384185791015625e-07,2.384185791015625e-07
30,1.1920928955078125e-06,4.76837158203125e-07,2.384185791015625e-07
31,9.5367431640625e-07,2.384185791015625e-07,4.76837158203125e-07
32,1.1920928955078125e-06,4.76837158203125e-07,2.384185791015625e-07
33,1.1920928955078125e-06,2.384185791015625e-07,2.384185791015625e-07
34,1.1920928955078125e-06,2.384185791015625e-07,2.384185791015625e-07
35,1.1920928955078125e-06,2.384185791015625e-07,2.384185791015625e-07
36,1.1920928955078125e-06,2.384185791015625e-07,4.76837158203125e-07
37,1.430511474609375e-06,2.384185791015625e-07,2.384185791015625e-07
38,1.430511474609375e-06,4.76837158203125e-07,2.384185791015625e-07
39,1.1920928955078125e-06,2.384185791015625e-07,2.384185791015625e-07
40,1.430511474609375e-06,4.76837158203125e-07,2.384185791015625e-07
41,1.430511474609375e-06,2.384185791015625e-07,2.384185791015625e-07
42,1.1920928955078125e-06,2.384185791015625e-07,2.384185791015625e-07
43,1.1920928955078125e-06,2.384185791015625e-07,2.384185791015625e-07
44,1.430511474609375e-06,2.384185791015625e-07,4.76837158203125e-07
45,1.430511474609375e-06,4.76837158203125e-07,2.384185791015625e-07
46,1.430511474609375e-06,2.384185791015625e-07,2.384185791015625e-07
47,1.430511474609375e-06,4.76837158203125e-07,4.76837158203125e-07
48,1.430511474609375e-06,2.384185791015625e-07,2.384185791015625e-07
49,1.430511474609375e-06,2.384185791015625e-07,2.384185791015625e-07
50,1.430511474609375e-06,4.76837158203125e-07,2.384185791015625e-07
51,1.6689300537109375e-06,2.384185791015625e-07,4.76837158203125e-07
52,1.430511474609375e-06,2.384185791015625e-07,4.76837158203125e-07
53,1.430511474609375e-06,2.384185791015625e-07,4.76837158203125e-07
54,1.430511474609375e-06,2.384185791015625e-07,4.76837158203125e-07
55,1.6689300537109375e-06,2.384185791015625e-07,4.76837158203125e-07
56,1.6689300537109375e-06,2.384185791015625e-07,2.384185791015625e-07
57,1.6689300537109375e-06,2.384185791015625e-07,2.384185791015625e-07
58,1.9073486328125e-06,2.384185791015625e-07,2.384185791015625e-07
59,1.9073486328125e-06,4.76837158203125e-07,2.384185791015625e-07
60,1.9073486328125e-06,4.76837158203125e-07,2.384185791015625e-07
61,1.6689300537109375e-06,2.384185791015625e-07,2.384185791015625e-07
62,1.9073486328125e-06,4.76837158203125e-07,2.384185791015625e-07
63,1.9073486328125e-06,4.76837158203125e-07,4.76837158203125e-07
64,1.9073486328125e-06,2.384185791015625e-07,4.76837158203125e-07
65,1.9073486328125e-06,2.384185791015625e-07,2.384185791015625e-07
66,1.9073486328125e-06,4.76837158203125e-07,2.384185791015625e-07
67,1.9073486328125e-06,2.384185791015625e-07,4.76837158203125e-07
68,1.9073486328125e-06,4.76837158203125e-07,2.384185791015625e-07
69,1.9073486328125e-06,4.76837158203125e-07,2.384185791015625e-07
70,1.9073486328125e-06,2.384185791015625e-07,2.384185791015625e-07
71,1.9073486328125e-06,2.384185791015625e-07,2.384185791015625e-07
72,2.1457672119140625e-06,2.384185791015625e-07,2.384185791015625e-07
73,1.9073486328125e-06,2.384185791015625e-07,2.384185791015625e-07
74,2.1457672119140625e-06,2.384185791015625e-07,2.384185791015625e-07
75,1.9073486328125e-06,2.384185791015625e-07,2.384185791015625e-07
76,1.9073486328125e-06,2.384185791015625e-07,2.384185791015625e-07
77,2.1457672119140625e-06,2.384185791015625e-07,2.384185791015625e-07
78,2.1457672119140625e-06,4.76837158203125e-07,2.384185791015625e-07
79,2.1457672119140625e-06,4.76837158203125e-07,2.384185791015625e-07
80,2.1457672119140625e-06,4.76837158203125e-07,2.384185791015625e-07
81,2.1457672119140625e-06,2.384185791015625e-07,2.384185791015625e-07
82,2.384185791015625e-06,2.384185791015625e-07,2.384185791015625e-07
83,2.384185791015625e-06,4.76837158203125e-07,2.384185791015625e-07
84,2.1457672119140625e-06,2.384185791015625e-07,2.384185791015625e-07
85,2.384185791015625e-06,4.76837158203125e-07,2.384185791015625e-07
86,2.1457672119140625e-06,2.384185791015625e-07,2.384185791015625e-07
87,2.384185791015625e-06,2.384185791015625e-07,4.76837158203125e-07
88,2.384185791015625e-06,2.384185791015625e-07,2.384185791015625e-07
89,2.384185791015625e-06,4.76837158203125e-07,2.384185791015625e-07
90,2.384185791015625e-06,2.384185791015625e-07,4.76837158203125e-07
91,2.384185791015625e-06,2.384185791015625e-07,4.76837158203125e-07
92,2.384185791015625e-06,2.384185791015625e-07,2.384185791015625e-07
93,2.384185791015625e-06,2.384185791015625e-07,2.384185791015625e-07
94,2.384185791015625e-06,2.384185791015625e-07,2.384185791015625e-07
95,2.384185791015625e-06,2.384185791015625e-07,2.384185791015625e-07
96,2.6226043701171875e-06,2.384185791015625e-07,4.76837158203125e-07
97,2.6226043701171875e-06,4.76837158203125e-07,2.384185791015625e-07
98,2.6226043701171875e-06,2.384185791015625e-07,2.384185791015625e-07
99,2.86102294921875e-06,4.76837158203125e-07,2.384185791015625e-07
100,2.86102294921875e-06,2.384185791015625e-07,2.384185791015625e-07
101,2.6226043701171875e-06,2.384185791015625e-07,2.384185791015625e-07
102,2.6226043701171875e-06,2.384185791015625e-07,2.384185791015625e-07
103,2.6226043701171875e-06,2.384185791015625e-07,4.76837158203125e-07
104,2.86102294921875e-06,4.76837158203125e-07,4.76837158203125e-07
105,2.86102294921875e-06,4.76837158203125e-07,2.384185791015625e-07
106,2.6226043701171875e-06,4.76837158203125e-07,2.384185791015625e-07
107,2.6226043701171875e-06,2.384185791015625e-07,2.384185791015625e-07
108,2.6226043701171875e-06,2.384185791015625e-07,2.384185791015625e-07
109,2.86102294921875e-06,2.384185791015625e-07,2.384185791015625e-07
110,2.6226043701171875e-06,2.384185791015625e-07,2.384185791015625e-07
111,3.0994415283203125e-06,4.76837158203125e-07,2.384185791015625e-07
112,2.6226043701171875e-06,4.76837158203125e-07,2.384185791015625e-07
113,2.86102294921875e-06,4.76837158203125e-07,2.384185791015625e-07
114,2.86102294921875e-06,4.76837158203125e-07,2.384185791015625e-07
115,2.86102294921875e-06,4.76837158203125e-07,2.384185791015625e-07
116,3.0994415283203125e-06,4.76837158203125e-07,2.384185791015625e-07
117,3.0994415283203125e-06,4.76837158203125e-07,2.384185791015625e-07
118,3.0994415283203125e-06,4.76837158203125e-07,2.384185791015625e-07
119,3.337860107421875e-06,4.76837158203125e-07,4.76837158203125e-07
120,2.86102294921875e-06,2.384185791015625e-07,2.384185791015625e-07
121,3.0994415283203125e-06,2.384185791015625e-07,2.384185791015625e-07
122,3.0994415283203125e-06,2.384185791015625e-07,4.76837158203125e-07
123,3.0994415283203125e-06,4.76837158203125e-07,2.384185791015625e-07
124,3.0994415283203125e-06,7.152557373046875e-07,2.384185791015625e-07
125,3.0994415283203125e-06,2.384185791015625e-07,2.384185791015625e-07
126,3.337860107421875e-06,2.384185791015625e-07,4.76837158203125e-07
127,2.6226043701171875e-06,2.384185791015625e-07,2.384185791015625e-07
128,2.384185791015625e-06,2.384185791015625e-07,0.0
129,2.6226043701171875e-06,2.384185791015625e-07,2.384185791015625e-07
130,2.6226043701171875e-06,2.384185791015625e-07,2.384185791015625e-07
131,2.384185791015625e-06,2.384185791015625e-07,0.0
132,2.6226043701171875e-06,4.76837158203125e-07,4.76837158203125e-07
133,2.6226043701171875e-06,2.384185791015625e-07,2.384185791015625e-07
134,2.6226043701171875e-06,2.384185791015625e-07,4.76837158203125e-07
135,2.6226043701171875e-06,2.384185791015625e-07,2.384185791015625e-07
136,2.6226043701171875e-06,2.384185791015625e-07,2.384185791015625e-07
137,2.86102294921875e-06,2.384185791015625e-07,0.0
138,2.86102294921875e-06,2.384185791015625e-07,2.384185791015625e-07
139,2.6226043701171875e-06,2.384185791015625e-07,2.384185791015625e-07
140,2.86102294921875e-06,4.76837158203125e-07,2.384185791015625e-07
141,2.86102294921875e-06,2.384185791015625e-07,2.384185791015625e-07
142,2.6226043701171875e-06,2.384185791015625e-07,2.384185791015625e-07
143,2.86102294921875e-06,2.384185791015625e-07,2.384185791015625e-07
144,2.86102294921875e-06,2.384185791015625e-07,2.384185791015625e-07
145,2.6226043701171875e-06,2.384185791015625e-07,2.384185791015625e-07
146,2.6226043701171875e-06,2.384185791015625e-07,2.384185791015625e-07
147,2.86102294921875e-06,2.384185791015625e-07,2.384185791015625e-07
148,2.86102294921875e-06,2.384185791015625e-07,2.384185791015625e-07
149,2.86102294921875e-06,2.384185791015625e-07,2.384185791015625e-07
150,2.86102294921875e-06,2.384185791015625e-07,2.384185791015625e-07
151,2.86102294921875e-06,2.384185791015625e-07,4.76837158203125e-07
152,2.86102294921875e-06,2.384185791015625e-07,2.384185791015625e-07
153,2.86102294921875e-06,4.76837158203125e-07,2.384185791015625e-07
154,2.86102294921875e-06,2.384185791015625e-07,2.384185791015625e-07
155,2.86102294921875e-06,2.384185791015625e-07,2.384185791015625e-07
156,2.86102294921875e-06,2.384185791015625e-07,4.76837158203125e-07
157,3.0994415283203125e-06,2.384185791015625e-07,2.384185791015625e-07
158,3.0994415283203125e-06,2.384185791015625e-07,2.384185791015625e-07
159,3.0994415283203125e-06,2.384185791015625e-07,2.384185791015625e-07
160,2.86102294921875e-06,2.384185791015625e-07,4.76837158203125e-07
161,2.86102294921875e-06,2.384185791015625e-07,2.384185791015625e-07
162,3.0994415283203125e-06,2.384185791015625e-07,2.384185791015625e-07
163,3.0994415283203125e-06,2.384185791015625e-07,2.384185791015625e-07
164,3.0994415283203125e-06,2.384185791015625e-07,2.384185791015625e-07
165,3.0994415283203125e-06,2.384185791015625e-07,2.384185791015625e-07
166,3.0994415283203125e-06,2.384185791015625e-07,2.384185791015625e-07
167,3.337860107421875e-06,2.384185791015625e-07,2.384185791015625e-07
168,3.0994415283203125e-06,2.384185791015625e-07,2.384185791015625e-07
169,3.0994415283203125e-06,2.384185791015625e-07,2.384185791015625e-07
170,3.337860107421875e-06,2.384185791015625e-07,2.384185791015625e-07
171,3.337860107421875e-06,2.384185791015625e-07,2.384185791015625e-07
172,3.0994415283203125e-06,4.76837158203125e-07,2.384185791015625e-07
173,3.337860107421875e-06,2.384185791015625e-07,2.384185791015625e-07
174,3.337860107421875e-06,2.384185791015625e-07,2.384185791015625e-07
175,3.5762786865234375e-06,2.384185791015625e-07,2.384185791015625e-07
176,3.0994415283203125e-06,2.384185791015625e-07,2.384185791015625e-07
177,3.337860107421875e-06,2.384185791015625e-07,2.384185791015625e-07
178,3.337860107421875e-06,2.384185791015625e-07,2.384185791015625e-07
179,3.337860107421875e-06,2.384185791015625e-07,2.384185791015625e-07
180,3.814697265625e-06,2.384185791015625e-07,2.384185791015625e-07
181,3.337860107421875e-06,2.384185791015625e-07,2.384185791015625e-07
182,3.337860107421875e-06,2.384185791015625e-07,2.384185791015625e-07
183,3.5762786865234375e-06,2.384185791015625e-07,2.384185791015625e-07
184,3.5762786865234375e-06,2.384185791015625e-07,2.384185791015625e-07
185,3.337860107421875e-06,2.384185791015625e-07,2.384185791015625e-07
186,3.337860107421875e-06,2.384185791015625e-07,2.384185791015625e-07
187,3.5762786865234375e-06,2.384185791015625e-07,2.384185791015625e-07
188,3.5762786865234375e-06,2.384185791015625e-07,2.384185791015625e-07
189,3.5762786865234375e-06,2.384185791015625e-07,2.384185791015625e-07
190,3.5762786865234375e-06,2.384185791015625e-07,2.384185791015625e-07
191,3.5762786865234375e-06,2.384185791015625e-07,2.384185791015625e-07
192,3.5762786865234375e-06,2.384185791015625e-07,2.384185791015625e-07
193,3.814697265625e-06,2.384185791015625e-07,2.384185791015625e-07
194,3.5762786865234375e-06,2.384185791015625e-07,2.384185791015625e-07
195,3.5762786865234375e-06,2.384185791015625e-07,2.384185791015625e-07
196,3.5762786865234375e-06,2.384185791015625e-07,2.384185791015625e-07
197,3.814697265625e-06,2.384185791015625e-07,2.384185791015625e-07
198,3.814697265625e-06,2.384185791015625e-07,2.384185791015625e-07
199,4.291534423828125e-06,2.384185791015625e-07,2.384185791015625e-07
200,3.5762786865234375e-06,2.384185791015625e-07,0.0
201,3.814697265625e-06,2.384185791015625e-07,2.384185791015625e-07
202,3.814697265625e-06,2.384185791015625e-07,2.384185791015625e-07
203,3.814697265625e-06,2.384185791015625e-07,2.384185791015625e-07
204,3.814697265625e-06,2.384185791015625e-07,2.384185791015625e-07
205,3.814697265625e-06,4.76837158203125e-07,2.384185791015625e-07
206,3.814697265625e-06,2.384185791015625e-07,2.384185791015625e-07
207,3.814697265625e-06,2.384185791015625e-07,2.384185791015625e-07
208,4.0531158447265625e-06,2.384185791015625e-07,2.384185791015625e-07
209,4.0531158447265625e-06,2.384185791015625e-07,2.384185791015625e-07
210,3.814697265625e-06,2.384185791015625e-07,4.76837158203125e-07
211,4.0531158447265625e-06,2.384185791015625e-07,2.384185791015625e-07
212,4.291534423828125e-06,7.152557373046875e-07,2.384185791015625e-07
213,4.0531158447265625e-06,2.384185791015625e-07,2.384185791015625e-07
214,4.0531158447265625e-06,2.384185791015625e-07,2.384185791015625e-07
215,4.0531158447265625e-06,4.76837158203125e-07,2.384185791015625e-07
216,4.0531158447265625e-06,2.384185791015625e-07,2.384185791015625e-07
217,3.814697265625e-06,2.384185791015625e-07,1.6689300537109375e-06
218,4.0531158447265625e-06,2.384185791015625e-07,2.384185791015625e-07
219,4.291534423828125e-06,2.384185791015625e-07,2.384185791015625e-07
220,4.0531158447265625e-06,2.384185791015625e-07,2.384185791015625e-07
221,4.0531158447265625e-06,2.384185791015625e-07,2.384185791015625e-07
222,4.0531158447265625e-06,2.384185791015625e-07,2.384185791015625e-07
223,4.0531158447265625e-06,4.76837158203125e-07,2.384185791015625e-07
224,4.291534423828125e-06,2.384185791015625e-07,2.384185791015625e-07
225,4.0531158447265625e-06,2.384185791015625e-07,2.384185791015625e-07
226,4.76837158203125e-06,2.384185791015625e-07,2.384185791015625e-07
227,4.0531158447265625e-06,2.384185791015625e-07,2.384185791015625e-07
228,4.0531158447265625e-06,4.76837158203125e-07,2.384185791015625e-07
229,4.291534423828125e-06,2.384185791015625e-07,2.384185791015625e-07
230,4.291534423828125e-06,0.0,2.384185791015625e-07
231,4.0531158447265625e-06,2.384185791015625e-07,2.384185791015625e-07
232,4.291534423828125e-06,2.384185791015625e-07,2.384185791015625e-07
233,4.291534423828125e-06,2.384185791015625e-07,2.384185791015625e-07
234,4.291534423828125e-06,4.76837158203125e-07,2.384185791015625e-07
235,4.291534423828125e-06,2.384185791015625e-07,2.384185791015625e-07
236,4.291534423828125e-06,2.384185791015625e-07,2.384185791015625e-07
237,4.291534423828125e-06,2.384185791015625e-07,2.384185791015625e-07
238,4.291534423828125e-06,2.384185791015625e-07,2.384185791015625e-07
239,4.291534423828125e-06,4.76837158203125e-07,2.384185791015625e-07
240,4.5299530029296875e-06,2.384185791015625e-07,2.384185791015625e-07
241,4.291534423828125e-06,2.384185791015625e-07,2.384185791015625e-07
242,4.5299530029296875e-06,2.384185791015625e-07,2.384185791015625e-07
243,4.5299530029296875e-06,2.384185791015625e-07,2.384185791015625e-07
244,4.5299530029296875e-06,2.384185791015625e-07,2.384185791015625e-07
245,4.5299530029296875e-06,2.384185791015625e-07,2.384185791015625e-07
246,4.5299530029296875e-06,2.384185791015625e-07,2.384185791015625e-07
247,4.5299530029296875e-06,2.384185791015625e-07,2.384185791015625e-07
248,4.5299530029296875e-06,2.384185791015625e-07,2.384185791015625e-07
249,4.5299530029296875e-06,2.384185791015625e-07,2.384185791015625e-07
250,4.5299530029296875e-06,2.384185791015625e-07,2.384185791015625e-07
251,4.5299530029296875e-06,2.384185791015625e-07,2.384185791015625e-07
252,4.5299530029296875e-06,2.384185791015625e-07,2.384185791015625e-07
253,4.5299530029296875e-06,2.384185791015625e-07,2.384185791015625e-07
254,4.5299530029296875e-06,0.0,2.384185791015625e-07
255,4.76837158203125e-06,2.384185791015625e-07,2.384185791015625e-07
256,4.5299530029296875e-06,2.384185791015625e-07,2.384185791015625e-07
257,4.76837158203125e-06,4.76837158203125e-07,4.76837158203125e-07
258,4.76837158203125e-06,4.76837158203125e-07,4.76837158203125e-07
259,4.5299530029296875e-06,2.384185791015625e-07,2.384185791015625e-07
260,4.76837158203125e-06,2.384185791015625e-07,2.384185791015625e-07
261,4.76837158203125e-06,4.76837158203125e-07,4.76837158203125e-07
262,5.0067901611328125e-06,2.384185791015625e-07,2.384185791015625e-07
263,4.76837158203125e-06,2.384185791015625e-07,2.384185791015625e-07
264,4.76837158203125e-06,2.384185791015625e-07,2.384185791015625e-07
265,4.76837158203125e-06,2.384185791015625e-07,2.384185791015625e-07
266,4.76837158203125e-06,2.384185791015625e-07,2.384185791015625e-07
267,4.76837158203125e-06,4.76837158203125e-07,4.76837158203125e-07
268,5.0067901611328125e-06,2.384185791015625e-07,2.384185791015625e-07
269,5.0067901611328125e-06,2.384185791015625e-07,2.384185791015625e-07
270,5.0067901611328125e-06,2.384185791015625e-07,2.384185791015625e-07
271,5.0067901611328125e-06,2.384185791015625e-07,2.384185791015625e-07
272,5.0067901611328125e-06,2.384185791015625e-07,4.76837158203125e-07
273,5.0067901611328125e-06,2.384185791015625e-07,2.384185791015625e-07
274,5.0067901611328125e-06,2.384185791015625e-07,2.384185791015625e-07
275,4.76837158203125e-06,2.384185791015625e-07,2.384185791015625e-07
276,5.0067901611328125e-06,2.384185791015625e-07,2.384185791015625e-07
277,5.0067901611328125e-06,2.384185791015625e-07,4.76837158203125e-07
278,5.0067901611328125e-06,2.384185791015625e-07,2.384185791015625e-07
279,5.0067901611328125e-06,2.384185791015625e-07,2.384185791015625e-07
280,5.0067901611328125e-06,2.384185791015625e-07,2.384185791015625e-07
281,5.245208740234375e-06,2.384185791015625e-07,2.384185791015625e-07
282,5.245208740234375e-06,2.384185791015625e-07,2.384185791015625e-07
283,5.245208740234375e-06,2.384185791015625e-07,2.384185791015625e-07
284,5.245208740234375e-06,2.384185791015625e-07,2.384185791015625e-07
285,5.0067901611328125e-06,4.76837158203125e-07,2.384185791015625e-07
286,5.245208740234375e-06,4.76837158203125e-07,4.76837158203125e-07
287,5.0067901611328125e-06,2.384185791015625e-07,2.384185791015625e-07
288,5.0067901611328125e-06,2.384185791015625e-07,2.384185791015625e-07
289,5.245208740234375e-06,2.384185791015625e-07,2.384185791015625e-07
290,5.245208740234375e-06,4.76837158203125e-07,2.384185791015625e-07
291,5.245208740234375e-06,2.384185791015625e-07,2.384185791015625e-07
292,5.245208740234375e-06,4.76837158203125e-07,4.76837158203125e-07
293,5.245208740234375e-06,2.384185791015625e-07,2.384185791015625e-07
294,5.4836273193359375e-06,2.384185791015625e-07,2.384185791015625e-07
295,5.245208740234375e-06,2.384185791015625e-07,2.384185791015625e-07
296,5.4836273193359375e-06,2.384185791015625e-07,2.384185791015625e-07
297,5.245208740234375e-06,4.76837158203125e-07,4.76837158203125e-07
298,5.4836273193359375e-06,2.384185791015625e-07,2.384185791015625e-07
299,5.4836273193359375e-06,2.384185791015625e-07,2.384185791015625e-07
300,5.4836273193359375e-06,2.384185791015625e-07,2.384185791015625e-07
301,5.4836273193359375e-06,2.384185791015625e-07,2.384185791015625e-07
302,5.4836273193359375e-06,2.384185791015625e-07,2.384185791015625e-07
303,5.4836273193359375e-06,2.384185791015625e-07,2.384185791015625e-07
304,5.4836273193359375e-06,2.384185791015625e-07,2.384185791015625e-07
305,5.4836273193359375e-06,2.384185791015625e-07,2.384185791015625e-07
306,5.4836273193359375e-06,2.384185791015625e-07,2.384185791015625e-07
307,5.4836273193359375e-06,2.384185791015625e-07,2.384185791015625e-07
308,5.4836273193359375e-06,2.384185791015625e-07,2.384185791015625e-07
309,5.4836273193359375e-06,2.384185791015625e-07,2.384185791015625e-07
310,5.7220458984375e-06,2.384185791015625e-07,2.384185791015625e-07
311,5.4836273193359375e-06,2.384185791015625e-07,2.384185791015625e-07
312,5.4836273193359375e-06,2.384185791015625e-07,2.384185791015625e-07
313,5.7220458984375e-06,2.384185791015625e-07,2.384185791015625e-07
314,5.4836273193359375e-06,2.384185791015625e-07,2.384185791015625e-07
315,5.7220458984375e-06,2.384185791015625e-07,2.384185791015625e-07
316,5.7220458984375e-06,2.384185791015625e-07,2.384185791015625e-07
317,5.4836273193359375e-06,2.384185791015625e-07,2.384185791015625e-07
318,5.7220458984375e-06,2.384185791015625e-07,2.384185791015625e-07
319,5.4836273193359375e-06,2.384185791015625e-07,2.384185791015625e-07
320,5.7220458984375e-06,2.384185791015625e-07,2.384185791015625e-07
321,5.7220458984375e-06,2.384185791015625e-07,2.384185791015625e-07
322,5.7220458984375e-06,2.384185791015625e-07,2.384185791015625e-07
323,5.7220458984375e-06,2.384185791015625e-07,2.384185791015625e-07
324,5.9604644775390625e-06,2.384185791015625e-07,2.384185791015625e-07
325,5.7220458984375e-06,2.384185791015625e-07,2.384185791015625e-07
326,5.9604644775390625e-06,2.384185791015625e-07,2.384185791015625e-07
327,5.9604644775390625e-06,2.384185791015625e-07,2.384185791015625e-07
328,5.9604644775390625e-06,2.384185791015625e-07,2.384185791015625e-07
329,5.7220458984375e-06,4.76837158203125e-07,4.76837158203125e-07
330,5.9604644775390625e-06,2.384185791015625e-07,2.384185791015625e-07
331,5.7220458984375e-06,2.384185791015625e-07,2.384185791015625e-07
332,5.9604644775390625e-06,2.384185791015625e-07,2.384185791015625e-07
333,5.9604644775390625e-06,2.384185791015625e-07,2.384185791015625e-07
334,5.9604644775390625e-06,2.384185791015625e-07,2.384185791015625e-07
335,5.7220458984375e-06,2.384185791015625e-07,2.384185791015625e-07
336,5.9604644775390625e-06,2.384185791015625e-07,2.384185791015625e-07
337,5.9604644775390625e-06,4.76837158203125e-07,4.76837158203125e-07
338,1.6927719116210938e-05,4.76837158203125e-07,2.384185791015625e-07
339,5.9604644775390625e-06,2.384185791015625e-07,2.384185791015625e-07
340,6.198883056640625e-06,2.384185791015625e-07,2.384185791015625e-07
341,6.198883056640625e-06,2.384185791015625e-07,2.384185791015625e-07
342,5.9604644775390625e-06,2.384185791015625e-07,2.384185791015625e-07
343,5.9604644775390625e-06,4.76837158203125e-07,4.76837158203125e-07
344,5.9604644775390625e-06,2.384185791015625e-07,2.384185791015625e-07
345,6.198883056640625e-06,2.384185791015625e-07,2.384185791015625e-07
346,6.198883056640625e-06,2.384185791015625e-07,2.384185791015625e-07
347,5.9604644775390625e-06,2.384185791015625e-07,4.76837158203125e-07
348,6.198883056640625e-06,2.384185791015625e-07,2.384185791015625e-07
349,6.198883056640625e-06,2.384185791015625e-07,2.384185791015625e-07
350,6.4373016357421875e-06,2.384185791015625e-07,2.384185791015625e-07
351,6.198883056640625e-06,2.384185791015625e-07,4.76837158203125e-07
352,6.198883056640625e-06,2.384185791015625e-07,2.384185791015625e-07
353,6.198883056640625e-06,2.384185791015625e-07,2.384185791015625e-07
354,6.198883056640625e-06,2.384185791015625e-07,2.384185791015625e-07
355,6.198883056640625e-06,2.384185791015625e-07,2.384185791015625e-07
356,6.198883056640625e-06,2.384185791015625e-07,2.384185791015625e-07
357,6.198883056640625e-06,2.384185791015625e-07,2.384185791015625e-07
358,6.198883056640625e-06,4.76837158203125e-07,4.76837158203125e-07
359,6.4373016357421875e-06,2.384185791015625e-07,2.384185791015625e-07
360,6.4373016357421875e-06,2.384185791015625e-07,2.384185791015625e-07
361,6.4373016357421875e-06,2.384185791015625e-07,2.384185791015625e-07
362,6.4373016357421875e-06,4.76837158203125e-07,4.76837158203125e-07
363,6.4373016357421875e-06,2.384185791015625e-07,2.384185791015625e-07
364,6.4373016357421875e-06,2.384185791015625e-07,2.384185791015625e-07
365,6.4373016357421875e-06,2.384185791015625e-07,2.384185791015625e-07
366,6.4373016357421875e-06,4.76837158203125e-07,4.76837158203125e-07
367,6.4373016357421875e-06,2.384185791015625e-07,2.384185791015625e-07
368,6.67572021484375e-06,2.384185791015625e-07,2.384185791015625e-07
369,6.4373016357421875e-06,4.76837158203125e-07,4.76837158203125e-07
370,6.67572021484375e-06,2.384185791015625e-07,2.384185791015625e-07
371,6.4373016357421875e-06,2.384185791015625e-07,2.384185791015625e-07
372,6.67572021484375e-06,2.384185791015625e-07,2.384185791015625e-07
373,6.67572021484375e-06,2.384185791015625e-07,2.384185791015625e-07
374,6.4373016357421875e-06,2.384185791015625e-07,2.384185791015625e-07
375,6.67572021484375e-06,2.384185791015625e-07,2.384185791015625e-07
376,6.67572021484375e-06,2.384185791015625e-07,2.384185791015625e-07
377,6.67572021484375e-06,4.76837158203125e-07,2.384185791015625e-07
378,6.67572021484375e-06,2.384185791015625e-07,2.384185791015625e-07
379,6.67572021484375e-06,2.384185791015625e-07,2.384185791015625e-07
380,6.67572021484375e-06,4.76837158203125e-07,2.384185791015625e-07
381,6.9141387939453125e-06,2.384185791015625e-07,2.384185791015625e-07
382,6.9141387939453125e-06,2.384185791015625e-07,2.384185791015625e-07
383,6.9141387939453125e-06,2.384185791015625e-07,2.384185791015625e-07
384,6.67572021484375e-06,2.384185791015625e-07,2.384185791015625e-07
385,6.9141387939453125e-06,2.384185791015625e-07,2.384185791015625e-07
386,6.9141387939453125e-06,2.384185791015625e-07,2.384185791015625e-07
387,6.9141387939453125e-06,2.384185791015625e-07,2.384185791015625e-07
388,6.9141387939453125e-06,2.384185791015625e-07,2.384185791015625e-07
389,6.9141387939453125e-06,2.384185791015625e-07,2.384185791015625e-07
390,6.67572021484375e-06,2.384185791015625e-07,2.384185791015625e-07
391,6.9141387939453125e-06,2.384185791015625e-07,2.384185791015625e-07
392,6.9141387939453125e-06,2.384185791015625e-07,2.384185791015625e-07
393,6.9141387939453125e-06,2.384185791015625e-07,2.384185791015625e-07
394,6.9141387939453125e-06,2.384185791015625e-07,2.384185791015625e-07
395,7.152557373046875e-06,2.384185791015625e-07,2.384185791015625e-07
396,6.9141387939453125e-06,2.384185791015625e-07,2.384185791015625e-07
397,6.9141387939453125e-06,4.76837158203125e-07,4.76837158203125e-07
398,6.9141387939453125e-06,2.384185791015625e-07,2.384185791015625e-07
399,7.152557373046875e-06,4.76837158203125e-07,2.384185791015625e-07
400,7.152557373046875e-06,2.384185791015625e-07,2.384185791015625e-07
401,6.9141387939453125e-06,2.384185791015625e-07,2.384185791015625e-07
402,7.152557373046875e-06,2.384185791015625e-07,2.384185791015625e-07
403,7.152557373046875e-06,2.384185791015625e-07,2.384185791015625e-07
404,7.152557373046875e-06,2.384185791015625e-07,2.384185791015625e-07
405,7.152557373046875e-06,4.76837158203125e-07,2.384185791015625e-07
406,7.152557373046875e-06,2.384185791015625e-07,2.384185791015625e-07
407,7.152557373046875e-06,2.384185791015625e-07,2.384185791015625e-07
408,7.152557373046875e-06,2.384185791015625e-07,2.384185791015625e-07
409,7.152557373046875e-06,2.384185791015625e-07,2.384185791015625e-07
410,7.152557373046875e-06,2.384185791015625e-07,2.384185791015625e-07
411,7.152557373046875e-06,2.384185791015625e-07,2.384185791015625e-07
412,7.152557373046875e-06,2.384185791015625e-07,2.384185791015625e-07
413,7.152557373046875e-06,2.384185791015625e-07,2.384185791015625e-07
414,7.3909759521484375e-06,2.384185791015625e-07,2.384185791015625e-07
415,7.3909759521484375e-06,2.384185791015625e-07,2.384185791015625e-07
416,7.3909759521484375e-06,2.384185791015625e-07,2.384185791015625e-07
417,7.3909759521484375e-06,2.384185791015625e-07,2.384185791015625e-07
418,7.3909759521484375e-06,4.76837158203125e-07,2.384185791015625e-07
419,7.3909759521484375e-06,2.384185791015625e-07,2.384185791015625e-07
420,7.3909759521484375e-06,2.384185791015625e-07,2.384185791015625e-07
421,7.3909759521484375e-06,2.384185791015625e-07,2.384185791015625e-07
422,7.3909759521484375e-06,4.76837158203125e-07,4.76837158203125e-07
423,7.3909759521484375e-06,2.384185791015625e-07,4.76837158203125e-07
424,7.3909759521484375e-06,2.384185791015625e-07,2.384185791015625e-07
425,7.3909759521484375e-06,2.384185791015625e-07,2.384185791015625e-07
426,7.62939453125e-06,2.384185791015625e-07,2.384185791015625e-07
427,7.62939453125e-06,2.384185791015625e-07,2.384185791015625e-07
428,7.3909759521484375e-06,4.76837158203125e-07,4.76837158203125e-07
429,7.62939453125e-06,2.384185791015625e-07,2.384185791015625e-07
430,7.62939453125e-06,2.384185791015625e-07,2.384185791015625e-07
431,7.62939453125e-06,2.384185791015625e-07,2.384185791015625e-07
432,7.62939453125e-06,2.384185791015625e-07,2.384185791015625e-07
433,7.62939453125e-06,2.384185791015625e-07,2.384185791015625e-07
434,7.62939453125e-06,2.384185791015625e-07,2.384185791015625e-07
435,7.62939453125e-06,2.384185791015625e-07,2.384185791015625e-07
436,7.62939453125e-06,2.384185791015625e-07,2.384185791015625e-07
437,7.62939453125e-06,2.384185791015625e-07,2.384185791015625e-07
438,7.62939453125e-06,2.384185791015625e-07,2.384185791015625e-07
439,7.62939453125e-06,4.76837158203125e-07,2.384185791015625e-07
440,7.62939453125e-06,2.384185791015625e-07,2.384185791015625e-07
441,7.62939453125e-06,4.76837158203125e-07,4.76837158203125e-07
442,7.62939453125e-06,4.76837158203125e-07,4.76837158203125e-07
443,7.62939453125e-06,2.384185791015625e-07,2.384185791015625e-07
444,7.867813110351562e-06,2.384185791015625e-07,2.384185791015625e-07
445,7.867813110351562e-06,2.384185791015625e-07,2.384185791015625e-07
446,7.867813110351562e-06,2.384185791015625e-07,2.384185791015625e-07
447,7.62939453125e-06,2.384185791015625e-07,2.384185791015625e-07
448,7.867813110351562e-06,4.76837158203125e-07,4.76837158203125e-07
449,7.867813110351562e-06,2.384185791015625e-07,2.384185791015625e-07
450,7.867813110351562e-06,2.384185791015625e-07,2.384185791015625e-07
451,7.867813110351562e-06,2.384185791015625e-07,2.384185791015625e-07
452,7.867813110351562e-06,2.384185791015625e-07,2.384185791015625e-07
453,7.867813110351562e-06,2.384185791015625e-07,2.384185791015625e-07
454,7.867813110351562e-06,4.76837158203125e-07,4.76837158203125e-07
455,7.867813110351562e-06,2.384185791015625e-07,2.384185791015625e-07
456,8.106231689453125e-06,2.384185791015625e-07,2.384185791015625e-07
457,8.106231689453125e-06,2.384185791015625e-07,2.384185791015625e-07
458,7.867813110351562e-06,4.76837158203125e-07,2.384185791015625e-07
459,8.106231689453125e-06,2.384185791015625e-07,2.384185791015625e-07
460,8.106231689453125e-06,2.384185791015625e-07,2.384185791015625e-07
461,7.867813110351562e-06,2.384185791015625e-07,2.384185791015625e-07
462,8.106231689453125e-06,2.384185791015625e-07,2.384185791015625e-07
463,8.106231689453125e-06,4.76837158203125e-07,2.384185791015625e-07
464,8.106231689453125e-06,2.384185791015625e-07,2.384185791015625e-07
465,8.106231689453125e-06,2.384185791015625e-07,2.384185791015625e-07
466,8.344650268554688e-06,2.384185791015625e-07,2.384185791015625e-07
467,8.106231689453125e-06,4.76837158203125e-07,4.76837158203125e-07
468,8.106231689453125e-06,2.384185791015625e-07,4.76837158203125e-07
469,8.106231689453125e-06,2.384185791015625e-07,2.384185791015625e-07
470,8.344650268554688e-06,2.384185791015625e-07,2.384185791015625e-07
471,8.344650268554688e-06,2.384185791015625e-07,2.384185791015625e-07
472,8.344650268554688e-06,2.384185791015625e-07,2.384185791015625e-07
473,8.106231689453125e-06,4.76837158203125e-07,4.76837158203125e-07
474,8.344650268554688e-06,2.384185791015625e-07,2.384185791015625e-07
475,8.106231689453125e-06,2.384185791015625e-07,2.384185791015625e-07
476,8.344650268554688e-06,2.384185791015625e-07,4.76837158203125e-07
477,8.344650268554688e-06,2.384185791015625e-07,2.384185791015625e-07
478,8.344650268554688e-06,2.384185791015625e-07,2.384185791015625e-07
479,8.344650268554688e-06,2.384185791015625e-07,2.384185791015625e-07
480,8.344650268554688e-06,2.384185791015625e-07,2.384185791015625e-07
481,8.344650268554688e-06,2.384185791015625e-07,2.384185791015625e-07
482,8.58306884765625e-06,2.384185791015625e-07,2.384185791015625e-07
483,8.58306884765625e-06,2.384185791015625e-07,2.384185791015625e-07
484,8.344650268554688e-06,2.384185791015625e-07,2.384185791015625e-07
485,8.344650268554688e-06,2.384185791015625e-07,2.384185791015625e-07
486,8.344650268554688e-06,4.76837158203125e-07,2.384185791015625e-07
487,8.344650268554688e-06,4.76837158203125e-07,4.76837158203125e-07
488,8.58306884765625e-06,2.384185791015625e-07,2.384185791015625e-07
489,8.58306884765625e-06,2.384185791015625e-07,2.384185791015625e-07
490,8.58306884765625e-06,2.384185791015625e-07,2.384185791015625e-07
491,8.58306884765625e-06,2.384185791015625e-07,2.384185791015625e-07
492,8.58306884765625e-06,4.76837158203125e-07,2.384185791015625e-07
493,8.58306884765625e-06,2.384185791015625e-07,2.384185791015625e-07
494,8.58306884765625e-06,2.384185791015625e-07,2.384185791015625e-07
495,8.58306884765625e-06,4.76837158203125e-07,2.384185791015625e-07
496,8.821487426757812e-06,2.384185791015625e-07,2.384185791015625e-07
497,8.58306884765625e-06,2.384185791015625e-07,2.384185791015625e-07
498,8.821487426757812e-06,2.384185791015625e-07,2.384185791015625e-07
499,8.58306884765625e-06,4.76837158203125e-07,4.76837158203125e-07
500,8.58306884765625e-06,2.384185791015625e-07,2.384185791015625e-07
501,8.58306884765625e-06,2.384185791015625e-07,2.384185791015625e-07
502,8.821487426757812e-06,2.384185791015625e-07,4.76837158203125e-07
503,8.58306884765625e-06,4.76837158203125e-07,4.76837158203125e-07
504,8.58306884765625e-06,2.384185791015625e-07,2.384185791015625e-07
505,8.58306884765625e-06,2.384185791015625e-07,2.384185791015625e-07
506,8.821487426757812e-06,2.384185791015625e-07,2.384185791015625e-07
507,8.821487426757812e-06,2.384185791015625e-07,2.384185791015625e-07
508,8.821487426757812e-06,2.384185791015625e-07,2.384185791015625e-07
509,8.821487426757812e-06,2.384185791015625e-07,2.384185791015625e-07
510,8.821487426757812e-06,2.384185791015625e-07,2.384185791015625e-07
511,8.821487426757812e-06,2.384185791015625e-07,2.384185791015625e-07
512,9.059906005859375e-06,2.384185791015625e-07,2.384185791015625e-07
513,8.821487426757812e-06,4.76837158203125e-07,4.76837158203125e-07
514,9.059906005859375e-06,2.384185791015625e-07,2.384185791015625e-07
515,8.821487426757812e-06,4.76837158203125e-07,4.76837158203125e-07
516,9.059906005859375e-06,2.384185791015625e-07,2.384185791015625e-07
517,9.059906005859375e-06,2.384185791015625e-07,2.384185791015625e-07
518,1.4543533325195312e-05,2.384185791015625e-07,2.384185791015625e-07
519,9.059906005859375e-06,4.76837158203125e-07,2.384185791015625e-07
520,8.821487426757812e-06,2.384185791015625e-07,2.384185791015625e-07
521,9.059906005859375e-06,2.384185791015625e-07,2.384185791015625e-07
522,9.059906005859375e-06,4.76837158203125e-07,2.384185791015625e-07
523,9.298324584960938e-06,2.384185791015625e-07,2.384185791015625e-07
524,9.298324584960938e-06,2.384185791015625e-07,2.384185791015625e-07
525,9.059906005859375e-06,2.384185791015625e-07,2.384185791015625e-07
526,9.298324584960938e-06,2.384185791015625e-07,2.384185791015625e-07
527,9.059906005859375e-06,2.384185791015625e-07,2.384185791015625e-07
528,9.059906005859375e-06,2.384185791015625e-07,2.384185791015625e-07
529,9.059906005859375e-06,2.384185791015625e-07,2.384185791015625e-07
530,9.298324584960938e-06,2.384185791015625e-07,2.384185791015625e-07
531,9.298324584960938e-06,2.384185791015625e-07,2.384185791015625e-07
532,9.059906005859375e-06,2.384185791015625e-07,2.384185791015625e-07
533,9.298324584960938e-06,2.384185791015625e-07,2.384185791015625e-07
534,9.298324584960938e-06,2.384185791015625e-07,2.384185791015625e-07
535,9.298324584960938e-06,2.384185791015625e-07,2.384185791015625e-07
536,9.298324584960938e-06,2.384185791015625e-07,2.384185791015625e-07
537,9.298324584960938e-06,2.384185791015625e-07,2.384185791015625e-07
538,9.298324584960938e-06,4.76837158203125e-07,4.76837158203125e-07
539,9.298324584960938e-06,2.384185791015625e-07,2.384185791015625e-07
540,9.298324584960938e-06,2.384185791015625e-07,2.384185791015625e-07
541,9.5367431640625e-06,2.384185791015625e-07,2.384185791015625e-07
542,9.5367431640625e-06,2.384185791015625e-07,2.384185791015625e-07
543,9.298324584960938e-06,2.384185791015625e-07,2.384185791015625e-07
544,9.5367431640625e-06,2.384185791015625e-07,2.384185791015625e-07
545,9.298324584960938e-06,2.384185791015625e-07,2.384185791015625e-07
546,9.298324584960938e-06,2.384185791015625e-07,2.384185791015625e-07
547,9.298324584960938e-06,2.384185791015625e-07,2.384185791015625e-07
548,9.298324584960938e-06,2.384185791015625e-07,2.384185791015625e-07
549,9.5367431640625e-06,2.384185791015625e-07,2.384185791015625e-07
550,9.5367431640625e-06,2.384185791015625e-07,2.384185791015625e-07
551,9.5367431640625e-06,2.384185791015625e-07,2.384185791015625e-07
552,9.5367431640625e-06,2.384185791015625e-07,2.384185791015625e-07
553,9.5367431640625e-06,2.384185791015625e-07,2.384185791015625e-07
554,9.775161743164062e-06,2.384185791015625e-07,2.384185791015625e-07
555,9.775161743164062e-06,2.384185791015625e-07,2.384185791015625e-07
556,9.5367431640625e-06,4.76837158203125e-07,4.76837158203125e-07
557,9.775161743164062e-06,2.384185791015625e-07,2.384185791015625e-07
558,9.5367431640625e-06,4.76837158203125e-07,2.384185791015625e-07
559,9.5367431640625e-06,2.384185791015625e-07,2.384185791015625e-07
560,9.775161743164062e-06,2.384185791015625e-07,4.76837158203125e-07
561,9.775161743164062e-06,2.384185791015625e-07,2.384185791015625e-07
562,9.775161743164062e-06,4.76837158203125e-07,4.76837158203125e-07
563,9.775161743164062e-06,2.384185791015625e-07,4.76837158203125e-07
564,9.775161743164062e-06,2.384185791015625e-07,2.384185791015625e-07
565,9.775161743164062e-06,2.384185791015625e-07,2.384185791015625e-07
566,9.775161743164062e-06,2.384185791015625e-07,2.384185791015625e-07
567,9.775161743164062e-06,4.76837158203125e-07,2.384185791015625e-07
568,9.775161743164062e-06,2.384185791015625e-07,2.384185791015625e-07
569,1.0013580322265625e-05,2.384185791015625e-07,2.384185791015625e-07
570,9.775161743164062e-06,2.384185791015625e-07,2.384185791015625e-07
571,1.0013580322265625e-05,2.384185791015625e-07,2.384185791015625e-07
572,1.0013580322265625e-05,2.384185791015625e-07,2.384185791015625e-07
573,9.775161743164062e-06,4.76837158203125e-07,4.76837158203125e-07
574,1.0013580322265625e-05,2.384185791015625e-07,2.384185791015625e-07
575,9.775161743164062e-06,2.384185791015625e-07,2.384185791015625e-07
576,1.0013580322265625e-05,2.384185791015625e-07,2.384185791015625e-07
577,1.0013580322265625e-05,2.384185791015625e-07,2.384185791015625e-07
578,1.0013580322265625e-05,2.384185791015625e-07,2.384185791015625e-07
579,1.0013580322265625e-05,2.384185791015625e-07,2.384185791015625e-07
580,1.0013580322265625e-05,2.384185791015625e-07,2.384185791015625e-07
581,1.0013580322265625e-05,2.384185791015625e-07,2.384185791015625e-07
582,1.0013580322265625e-05,2.384185791015625e-07,2.384185791015625e-07
583,1.0013580322265625e-05,2.384185791015625e-07,2.384185791015625e-07
584,1.0251998901367188e-05,2.384185791015625e-07,2.384185791015625e-07
585,1.0013580322265625e-05,2.384185791015625e-07,2.384185791015625e-07
586,1.0251998901367188e-05,4.76837158203125e-07,2.384185791015625e-07
587,1.0251998901367188e-05,2.384185791015625e-07,2.384185791015625e-07
588,1.0013580322265625e-05,2.384185791015625e-07,2.384185791015625e-07
589,1.0013580322265625e-05,2.384185791015625e-07,2.384185791015625e-07
590,1.0251998901367188e-05,4.76837158203125e-07,4.76837158203125e-07
591,1.0251998901367188e-05,2.384185791015625e-07,2.384185791015625e-07
592,1.0251998901367188e-05,2.384185791015625e-07,2.384185791015625e-07
593,1.0251998901367188e-05,2.384185791015625e-07,2.384185791015625e-07
594,1.0251998901367188e-05,2.384185791015625e-07,2.384185791015625e-07
595,1.049041748046875e-05,2.384185791015625e-07,2.384185791015625e-07
596,1.0251998901367188e-05,2.384185791015625e-07,2.384185791015625e-07
597,1.0251998901367188e-05,2.384185791015625e-07,2.384185791015625e-07
598,1.049041748046875e-05,2.384185791015625e-07,2.384185791015625e-07
599,1.049041748046875e-05,2.384185791015625e-07,2.384185791015625e-07
600,1.049041748046875e-05,2.384185791015625e-07,2.384185791015625e-07
601,1.0251998901367188e-05,4.76837158203125e-07,4.76837158203125e-07
602,1.049041748046875e-05,2.384185791015625e-07,2.384185791015625e-07
603,1.049041748046875e-05,2.384185791015625e-07,2.384185791015625e-07
604,1.049041748046875e-05,4.76837158203125e-07,4.76837158203125e-07
605,1.049041748046875e-05,2.384185791015625e-07,2.384185791015625e-07
606,1.049041748046875e-05,2.384185791015625e-07,2.384185791015625e-07
607,1.049041748046875e-05,2.384185791015625e-07,2.384185791015625e-07
608,1.049041748046875e-05,2.384185791015625e-07,2.384185791015625e-07
609,1.049041748046875e-05,2.384185791015625e-07,2.384185791015625e-07
610,1.0728836059570312e-05,2.384185791015625e-07,2.384185791015625e-07
611,1.0728836059570312e-05,2.384185791015625e-07,2.384185791015625e-07
612,1.0728836059570312e-05,2.384185791015625e-07,2.384185791015625e-07
613,1.049041748046875e-05,2.384185791015625e-07,2.384185791015625e-07
614,1.0967254638671875e-05,2.384185791015625e-07,2.384185791015625e-07
615,1.049041748046875e-05,2.384185791015625e-07,2.384185791015625e-07
616,1.049041748046875e-05,2.384185791015625e-07,2.384185791015625e-07
617,1.0728836059570312e-05,4.76837158203125e-07,4.76837158203125e-07
618,1.0728836059570312e-05,2.384185791015625e-07,2.384185791015625e-07
619,1.0728836059570312e-05,2.384185791015625e-07,2.384185791015625e-07
620,1.0728836059570312e-05,2.384185791015625e-07,2.384185791015625e-07
621,1.0728836059570312e-05,2.384185791015625e-07,2.384185791015625e-07
622,1.0728836059570312e-05,4.76837158203125e-07,4.76837158203125e-07
623,1.0728836059570312e-05,4.76837158203125e-07,2.384185791015625e-07
624,1.0728836059570312e-05,2.384185791015625e-07,2.384185791015625e-07
625,1.0728836059570312e-05,2.384185791015625e-07,2.384185791015625e-07
626,1.0728836059570312e-05,2.384185791015625e-07,2.384185791015625e-07
627,1.0967254638671875e-05,2.384185791015625e-07,2.384185791015625e-07
628,1.0728836059570312e-05,4.76837158203125e-07,2.384185791015625e-07
629,1.0967254638671875e-05,2.384185791015625e-07,2.384185791015625e-07
630,1.0728836059570312e-05,4.76837158203125e-07,4.76837158203125e-07
631,1.0967254638671875e-05,4.76837158203125e-07,4.76837158203125e-07
632,1.0967254638671875e-05,2.384185791015625e-07,2.384185791015625e-07
633,1.0967254638671875e-05,2.384185791015625e-07,2.384185791015625e-07
634,1.0967254638671875e-05,2.384185791015625e-07,2.384185791015625e-07
635,1.0967254638671875e-05,4.76837158203125e-07,4.76837158203125e-07
636,1.0967254638671875e-05,4.76837158203125e-07,2.384185791015625e-07
637,1.0967254638671875e-05,2.384185791015625e-07,2.384185791015625e-07
638,1.1205673217773438e-05,2.384185791015625e-07,2.384185791015625e-07
639,1.0967254638671875e-05,4.76837158203125e-07,2.384185791015625e-07
640,1.0967254638671875e-05,4.76837158203125e-07,4.76837158203125e-07
641,1.1205673217773438e-05,2.384185791015625e-07,2.384185791015625e-07
642,1.0967254638671875e-05,2.384185791015625e-07,2.384185791015625e-07
643,1.0967254638671875e-05,2.384185791015625e-07,2.384185791015625e-07
644,1.1205673217773438e-05,4.76837158203125e-07,2.384185791015625e-07
645,1.1205673217773438e-05,2.384185791015625e-07,2.384185791015625e-07
646,1.1205673217773438e-05,2.384185791015625e-07,2.384185791015625e-07
647,1.1205673217773438e-05,2.384185791015625e-07,2.384185791015625e-07
648,1.1205673217773438e-05,2.384185791015625e-07,2.384185791015625e-07
649,1.1205673217773438e-05,2.384185791015625e-07,2.384185791015625e-07
650,1.1205673217773438e-05,2.384185791015625e-07,2.384185791015625e-07
651,1.1205673217773438e-05,2.384185791015625e-07,2.384185791015625e-07
652,1.1205673217773438e-05,2.384185791015625e-07,2.384185791015625e-07
653,1.1205673217773438e-05,2.384185791015625e-07,2.384185791015625e-07
654,1.1205673217773438e-05,4.76837158203125e-07,2.384185791015625e-07
655,1.1444091796875e-05,2.384185791015625e-07,2.384185791015625e-07
656,1.1444091796875e-05,2.384185791015625e-07,2.384185791015625e-07
657,1.1205673217773438e-05,2.384185791015625e-07,2.384185791015625e-07
658,1.1444091796875e-05,2.384185791015625e-07,2.384185791015625e-07
659,1.1205673217773438e-05,2.384185791015625e-07,2.384185791015625e-07
660,1.1444091796875e-05,2.384185791015625e-07,2.384185791015625e-07
661,1.1205673217773438e-05,2.384185791015625e-07,2.384185791015625e-07
662,1.1205673217773438e-05,4.76837158203125e-07,4.76837158203125e-07
663,1.1444091796875e-05,2.384185791015625e-07,4.76837158203125e-07
664,1.1444091796875e-05,2.384185791015625e-07,2.384185791015625e-07
665,1.1444091796875e-05,4.76837158203125e-07,4.76837158203125e-07
666,1.1444091796875e-05,4.76837158203125e-07,2.384185791015625e-07
667,1.1444091796875e-05,2.384185791015625e-07,2.384185791015625e-07
668,1.1444091796875e-05,2.384185791015625e-07,2.384185791015625e-07
669,1.1444091796875e-05,2.384185791015625e-07,2.384185791015625e-07
670,1.1444091796875e-05,4.76837158203125e-07,4.76837158203125e-07
671,1.1444091796875e-05,2.384185791015625e-07,2.384185791015625e-07
672,1.1682510375976562e-05,2.384185791015625e-07,2.384185791015625e-07
673,1.1682510375976562e-05,2.384185791015625e-07,2.384185791015625e-07
674,1.1444091796875e-05,2.384185791015625e-07,2.384185791015625e-07
675,1.1682510375976562e-05,2.384185791015625e-07,2.384185791015625e-07
676,1.1682510375976562e-05,2.384185791015625e-07,2.384185791015625e-07
677,1.1444091796875e-05,4.76837158203125e-07,4.76837158203125e-07
678,1.1444091796875e-05,2.384185791015625e-07,5.4836273193359375e-06
679,8.106231689453125e-06,2.384185791015625e-07,2.384185791015625e-07
680,8.106231689453125e-06,2.384185791015625e-07,0.0
681,8.106231689453125e-06,2.384185791015625e-07,0.0
682,8.344650268554688e-06,4.76837158203125e-07,2.384185791015625e-07
683,8.106231689453125e-06,2.384185791015625e-07,2.384185791015625e-07
684,8.106231689453125e-06,2.384185791015625e-07,2.384185791015625e-07
685,8.106231689453125e-06,2.384185791015625e-07,2.384185791015625e-07
686,8.344650268554688e-06,0.0,2.384185791015625e-07
687,8.106231689453125e-06,2.384185791015625e-07,0.0
688,8.106231689453125e-06,2.384185791015625e-07,0.0
689,8.106231689453125e-06,2.384185791015625e-07,0.0
690,8.106231689453125e-06,2.384185791015625e-07,0.0
691,8.106231689453125e-06,2.384185791015625e-07,2.384185791015625e-07
692,8.106231689453125e-06,2.384185791015625e-07,2.384185791015625e-07
693,8.344650268554688e-06,2.384185791015625e-07,2.384185791015625e-07
694,8.344650268554688e-06,2.384185791015625e-07,0.0
695,8.344650268554688e-06,2.384185791015625e-07,2.384185791015625e-07
696,8.344650268554688e-06,0.0,2.384185791015625e-07
697,8.58306884765625e-06,2.384185791015625e-07,2.384185791015625e-07
698,8.344650268554688e-06,2.384185791015625e-07,2.384185791015625e-07
699,8.58306884765625e-06,2.384185791015625e-07,2.384185791015625e-07
700,8.344650268554688e-06,2.384185791015625e-07,2.384185791015625e-07
701,8.344650268554688e-06,2.384185791015625e-07,2.384185791015625e-07
702,8.344650268554688e-06,0.0,2.384185791015625e-07
703,8.344650268554688e-06,2.384185791015625e-07,2.384185791015625e-07
704,8.344650268554688e-06,2.384185791015625e-07,2.384185791015625e-07
705,8.58306884765625e-06,2.384185791015625e-07,2.384185791015625e-07
706,8.58306884765625e-06,2.384185791015625e-07,2.384185791015625e-07
707,8.58306884765625e-06,2.384185791015625e-07,2.384185791015625e-07
708,8.58306884765625e-06,2.384185791015625e-07,2.384185791015625e-07
709,8.344650268554688e-06,2.384185791015625e-07,2.384185791015625e-07
710,8.58306884765625e-06,0.0,2.384185791015625e-07
711,8.58306884765625e-06,2.384185791015625e-07,2.384185791015625e-07
712,8.58306884765625e-06,2.384185791015625e-07,2.384185791015625e-07
713,8.58306884765625e-06,2.384185791015625e-07,2.384185791015625e-07
714,8.58306884765625e-06,2.384185791015625e-07,2.384185791015625e-07
715,8.58306884765625e-06,0.0,2.384185791015625e-07
716,8.58306884765625e-06,2.384185791015625e-07,2.384185791015625e-07
717,8.58306884765625e-06,2.384185791015625e-07,2.384185791015625e-07
718,8.821487426757812e-06,2.384185791015625e-07,2.384185791015625e-07
719,8.58306884765625e-06,2.384185791015625e-07,2.384185791015625e-07
720,8.58306884765625e-06,2.384185791015625e-07,2.384185791015625e-07
721,8.58306884765625e-06,2.384185791015625e-07,2.384185791015625e-07
722,8.58306884765625e-06,0.0,2.384185791015625e-07
723,8.58306884765625e-06,0.0,2.384185791015625e-07
724,8.58306884765625e-06,2.384185791015625e-07,2.384185791015625e-07
725,8.58306884765625e-06,2.384185791015625e-07,2.384185791015625e-07
726,8.821487426757812e-06,0.0,2.384185791015625e-07
727,8.58306884765625e-06,2.384185791015625e-07,0.0
728,8.58306884765625e-06,2.384185791015625e-07,2.384185791015625e-07
729,8.821487426757812e-06,2.384185791015625e-07,2.384185791015625e-07
730,8.58306884765625e-06,2.384185791015625e-07,0.0
731,8.821487426757812e-06,0.0,2.384185791015625e-07
732,8.821487426757812e-06,2.384185791015625e-07,2.384185791015625e-07
733,8.821487426757812e-06,2.384185791015625e-07,2.384185791015625e-07
734,8.821487426757812e-06,2.384185791015625e-07,0.0
735,8.821487426757812e-06,2.384185791015625e-07,2.384185791015625e-07
736,8.821487426757812e-06,2.384185791015625e-07,0.0
737,8.821487426757812e-06,2.384185791015625e-07,2.384185791015625e-07
738,8.821487426757812e-06,0.0,2.384185791015625e-07
739,8.821487426757812e-06,2.384185791015625e-07,2.384185791015625e-07
740,9.059906005859375e-06,0.0,2.384185791015625e-07
741,8.821487426757812e-06,2.384185791015625e-07,2.384185791015625e-07
742,8.821487426757812e-06,0.0,2.384185791015625e-07
743,8.821487426757812e-06,2.384185791015625e-07,2.384185791015625e-07
744,8.821487426757812e-06,2.384185791015625e-07,2.384185791015625e-07
745,8.821487426757812e-06,2.384185791015625e-07,0.0
746,8.821487426757812e-06,2.384185791015625e-07,2.384185791015625e-07
747,9.059906005859375e-06,2.384185791015625e-07,2.384185791015625e-07
748,9.059906005859375e-06,2.384185791015625e-07,2.384185791015625e-07
749,9.059906005859375e-06,2.384185791015625e-07,0.0
750,9.059906005859375e-06,2.384185791015625e-07,2.384185791015625e-07
751,8.821487426757812e-06,2.384185791015625e-07,0.0
752,8.821487426757812e-06,2.384185791015625e-07,2.384185791015625e-07
753,9.059906005859375e-06,0.0,2.384185791015625e-07
754,9.059906005859375e-06,2.384185791015625e-07,0.0
755,1.5974044799804688e-05,2.384185791015625e-07,0.0
756,8.106231689453125e-06,0.0,2.384185791015625e-07
757,8.106231689453125e-06,2.384185791015625e-07,2.384185791015625e-07
758,8.344650268554688e-06,2.384185791015625e-07,0.0
759,8.106231689453125e-06,2.384185791015625e-07,2.384185791015625e-07
760,8.106231689453125e-06,2.384185791015625e-07,2.384185791015625e-07
761,8.106231689453125e-06,2.384185791015625e-07,2.384185791015625e-07
762,8.106231689453125e-06,2.384185791015625e-07,2.384185791015625e-07
763,8.344650268554688e-06,2.384185791015625e-07,0.0
764,8.106231689453125e-06,2.384185791015625e-07,2.384185791015625e-07
765,8.106231689453125e-06,2.384185791015625e-07,2.384185791015625e-07
766,8.106231689453125e-06,2.384185791015625e-07,2.384185791015625e-07
767,8.106231689453125e-06,0.0,2.384185791015625e-07
768,8.106231689453125e-06,2.384185791015625e-07,2.384185791015625e-07
769,8.344650268554688e-06,2.384185791015625e-07,2.384185791015625e-07
770,8.344650268554688e-06,2.384185791015625e-07,0.0
771,8.58306884765625e-06,2.384185791015625e-07,2.384185791015625e-07
772,8.58306884765625e-06,0.0,2.384185791015625e-07
773,8.344650268554688e-06,2.384185791015625e-07,2.384185791015625e-07
774,8.58306884765625e-06,0.0,2.384185791015625e-07
775,8.58306884765625e-06,2.384185791015625e-07,0.0
776,8.58306884765625e-06,2.384185791015625e-07,2.384185791015625e-07
777,8.344650268554688e-06,2.384185791015625e-07,2.384185791015625e-07
778,8.58306884765625e-06,2.384185791015625e-07,2.384185791015625e-07
779,1.71661376953125e-05,2.384185791015625e-07,2.384185791015625e-07
780,8.344650268554688e-06,0.0,2.384185791015625e-07
781,8.344650268554688e-06,0.0,2.384185791015625e-07
782,8.344650268554688e-06,2.384185791015625e-07,2.384185791015625e-07
783,8.344650268554688e-06,2.384185791015625e-07,2.384185791015625e-07
784,8.344650268554688e-06,2.384185791015625e-07,2.384185791015625e-07
785,8.344650268554688e-06,2.384185791015625e-07,2.384185791015625e-07
786,8.344650268554688e-06,2.384185791015625e-07,0.0
787,8.58306884765625e-06,0.0,2.384185791015625e-07
788,8.344650268554688e-06,2.384185791015625e-07,2.384185791015625e-07
789,8.58306884765625e-06,2.384185791015625e-07,0.0
790,8.344650268554688e-06,0.0,2.384185791015625e-07
791,8.344650268554688e-06,2.384185791015625e-07,2.384185791015625e-07
792,8.344650268554688e-06,2.384185791015625e-07,2.384185791015625e-07
793,8.344650268554688e-06,2.384185791015625e-07,2.384185791015625e-07
794,8.344650268554688e-06,2.384185791015625e-07,2.384185791015625e-07
795,8.58306884765625e-06,0.0,2.384185791015625e-07
796,8.344650268554688e-06,2.384185791015625e-07,2.384185791015625e-07
797,8.58306884765625e-06,0.0,2.384185791015625e-07
798,8.344650268554688e-06,2.384185791015625e-07,2.384185791015625e-07
799,8.58306884765625e-06,0.0,2.384185791015625e-07
800,8.58306884765625e-06,2.384185791015625e-07,0.0
801,8.58306884765625e-06,2.384185791015625e-07,2.384185791015625e-07
802,8.58306884765625e-06,2.384185791015625e-07,2.384185791015625e-07
803,8.58306884765625e-06,2.384185791015625e-07,2.384185791015625e-07
804,8.58306884765625e-06,0.0,2.384185791015625e-07
805,8.58306884765625e-06,2.384185791015625e-07,0.0
806,8.58306884765625e-06,0.0,2.384185791015625e-07
807,5.817413330078125e-05,2.384185791015625e-07,2.384185791015625e-07
808,9.298324584960938e-06,2.384185791015625e-07,2.384185791015625e-07
809,1.7642974853515625e-05,0.0,2.384185791015625e-07
810,9.059906005859375e-06,0.0,2.384185791015625e-07
811,9.059906005859375e-06,2.384185791015625e-07,0.0
812,1.8358230590820312e-05,0.0,2.384185791015625e-07
813,1.7404556274414062e-05,2.384185791015625e-07,2.384185791015625e-07
814,9.059906005859375e-06,2.384185791015625e-07,0.0
815,9.059906005859375e-06,2.384185791015625e-07,2.384185791015625e-07
816,9.059906005859375e-06,2.384185791015625e-07,2.384185791015625e-07
817,9.298324584960938e-06,0.0,2.384185791015625e-07
818,9.298324584960938e-06,2.384185791015625e-07,0.0
819,9.059906005859375e-06,2.384185791015625e-07,0.0
820,2.9087066650390625e-05,0.0,2.384185791015625e-07
821,8.821487426757812e-06,2.384185791015625e-07,2.384185791015625e-07
822,8.821487426757812e-06,2.384185791015625e-07,2.384185791015625e-07
823,8.821487426757812e-06,0.0,2.384185791015625e-07
824,2.002716064453125e-05,2.384185791015625e-07,0.0
825,9.059906005859375e-06,2.384185791015625e-07,2.384185791015625e-07
826,9.298324584960938e-06,2.384185791015625e-07,0.0
827,9.298324584960938e-06,2.384185791015625e-07,0.0
828,9.298324584960938e-06,0.0,2.384185791015625e-07
829,9.298324584960938e-06,0.0,2.384185791015625e-07
830,9.298324584960938e-06,2.384185791015625e-07,2.384185791015625e-07
831,9.298324584960938e-06,2.384185791015625e-07,2.384185791015625e-07
832,9.298324584960938e-06,2.384185791015625e-07,2.384185791015625e-07
833,9.298324584960938e-06,0.0,2.384185791015625e-07
834,9.298324584960938e-06,2.384185791015625e-07,0.0
835,9.298324584960938e-06,2.384185791015625e-07,2.384185791015625e-07
836,9.298324584960938e-06,2.384185791015625e-07,2.384185791015625e-07
837,9.298324584960938e-06,2.384185791015625e-07,2.384185791015625e-07
838,9.5367431640625e-06,2.384185791015625e-07,0.0
839,9.5367431640625e-06,2.384185791015625e-07,2.384185791015625e-07
840,9.5367431640625e-06,0.0,2.384185791015625e-07
841,9.298324584960938e-06,2.384185791015625e-07,0.0
842,9.5367431640625e-06,2.384185791015625e-07,2.384185791015625e-07
843,9.5367431640625e-06,2.384185791015625e-07,0.0
844,9.5367431640625e-06,2.384185791015625e-07,2.384185791015625e-07
845,9.5367431640625e-06,2.384185791015625e-07,2.384185791015625e-07
846,9.5367431640625e-06,0.0,2.384185791015625e-07
847,9.5367431640625e-06,2.384185791015625e-07,2.384185791015625e-07
848,9.775161743164062e-06,2.384185791015625e-07,2.384185791015625e-07
849,9.5367431640625e-06,2.384185791015625e-07,2.384185791015625e-07
850,9.5367431640625e-06,2.384185791015625e-07,0.0
851,9.5367431640625e-06,2.384185791015625e-07,2.384185791015625e-07
852,9.5367431640625e-06,2.384185791015625e-07,0.0
853,9.775161743164062e-06,2.384185791015625e-07,2.384185791015625e-07
854,9.775161743164062e-06,0.0,2.384185791015625e-07
855,9.775161743164062e-06,2.384185791015625e-07,2.384185791015625e-07
856,9.775161743164062e-06,2.384185791015625e-07,2.384185791015625e-07
857,9.775161743164062e-06,2.384185791015625e-07,2.384185791015625e-07
858,9.775161743164062e-06,0.0,2.384185791015625e-07
859,9.5367431640625e-06,2.384185791015625e-07,2.384185791015625e-07
860,9.5367431640625e-06,2.384185791015625e-07,2.384185791015625e-07
861,9.5367431640625e-06,2.384185791015625e-07,2.384185791015625e-07
862,9.775161743164062e-06,0.0,2.384185791015625e-07
863,9.775161743164062e-06,2.384185791015625e-07,2.384185791015625e-07
864,9.775161743164062e-06,2.384185791015625e-07,2.384185791015625e-07
865,9.775161743164062e-06,2.384185791015625e-07,2.384185791015625e-07
866,9.775161743164062e-06,2.384185791015625e-07,2.384185791015625e-07
867,9.775161743164062e-06,2.384185791015625e-07,2.384185791015625e-07
868,9.775161743164062e-06,2.384185791015625e-07,2.384185791015625e-07
869,9.775161743164062e-06,2.384185791015625e-07,2.384185791015625e-07
870,1.0013580322265625e-05,2.384185791015625e-07,2.384185791015625e-07
871,9.775161743164062e-06,2.384185791015625e-07,2.384185791015625e-07
872,9.5367431640625e-06,0.0,2.384185791015625e-07
873,9.5367431640625e-06,2.384185791015625e-07,2.384185791015625e-07
874,9.5367431640625e-06,2.384185791015625e-07,0.0
875,9.5367431640625e-06,0.0,2.384185791015625e-07
876,9.5367431640625e-06,0.0,2.384185791015625e-07
877,9.5367431640625e-06,2.384185791015625e-07,2.384185791015625e-07
878,9.5367431640625e-06,2.384185791015625e-07,2.384185791015625e-07
879,9.5367431640625e-06,2.384185791015625e-07,2.384185791015625e-07
880,1.0013580322265625e-05,2.384185791015625e-07,0.0
881,9.775161743164062e-06,2.384185791015625e-07,2.384185791015625e-07
882,9.775161743164062e-06,2.384185791015625e-07,0.0
883,9.5367431640625e-06,2.384185791015625e-07,2.384185791015625e-07
884,2.5510787963867188e-05,2.384185791015625e-07,2.384185791015625e-07
885,1.9073486328125e-05,2.384185791015625e-07,2.384185791015625e-07
886,9.775161743164062e-06,0.0,2.384185791015625e-07
887,9.775161743164062e-06,2.384185791015625e-07,2.384185791015625e-07
888,9.775161743164062e-06,2.384185791015625e-07,2.384185791015625e-07
889,1.9073486328125e-05,2.384185791015625e-07,2.384185791015625e-07
890,1.0013580322265625e-05,2.384185791015625e-07,2.384185791015625e-07
891,1.0013580322265625e-05,0.0,2.384185791015625e-07
892,1.0013580322265625e-05,2.384185791015625e-07,2.384185791015625e-07
893,1.0013580322265625e-05,2.384185791015625e-07,2.384185791015625e-07
894,1.0013580322265625e-05,0.0,2.384185791015625e-07
895,1.9073486328125e-05,2.384185791015625e-07,0.0
896,9.775161743164062e-06,2.384185791015625e-07,2.384185791015625e-07
897,9.775161743164062e-06,2.384185791015625e-07,2.384185791015625e-07
898,9.775161743164062e-06,0.0,2.384185791015625e-07
899,9.775161743164062e-06,0.0,2.384185791015625e-07
900,9.775161743164062e-06,2.384185791015625e-07,2.384185791015625e-07
901,9.775161743164062e-06,2.384185791015625e-07,2.384185791015625e-07
902,9.775161743164062e-06,0.0,2.384185791015625e-07
903,1.0013580322265625e-05,7.152557373046875e-07,2.384185791015625e-07
904,9.775161743164062e-06,2.384185791015625e-07,2.384185791015625e-07
905,1.0013580322265625e-05,2.384185791015625e-07,0.0
906,9.775161743164062e-06,2.384185791015625e-07,0.0
907,1.0013580322265625e-05,0.0,2.384185791015625e-07
908,9.775161743164062e-06,2.384185791015625e-07,2.384185791015625e-07
909,9.775161743164062e-06,2.384185791015625e-07,0.0
910,1.0013580322265625e-05,0.0,2.384185791015625e-07
911,1.0013580322265625e-05,2.384185791015625e-07,0.0
912,1.0013580322265625e-05,2.384185791015625e-07,2.384185791015625e-07
913,1.0251998901367188e-05,2.384185791015625e-07,0.0
914,1.9073486328125e-05,2.384185791015625e-07,0.0
915,1.0013580322265625e-05,2.384185791015625e-07,2.384185791015625e-07
916,1.0013580322265625e-05,2.384185791015625e-07,0.0
917,1.0013580322265625e-05,2.384185791015625e-07,2.384185791015625e-07
918,1.0013580322265625e-05,2.384185791015625e-07,0.0
919,1.0013580322265625e-05,2.384185791015625e-07,0.0
920,1.0013580322265625e-05,2.384185791015625e-07,2.384185791015625e-07
921,1.0013580322265625e-05,2.384185791015625e-07,2.384185791015625e-07
922,1.0013580322265625e-05,2.384185791015625e-07,2.384185791015625e-07
923,1.0251998901367188e-05,2.384185791015625e-07,2.384185791015625e-07
924,1.049041748046875e-05,2.384185791015625e-07,0.0
925,1.049041748046875e-05,2.384185791015625e-07,2.384185791015625e-07
926,1.049041748046875e-05,0.0,2.384185791015625e-07
927,1.049041748046875e-05,2.384185791015625e-07,0.0
928,1.049041748046875e-05,0.0,2.384185791015625e-07
929,1.049041748046875e-05,0.0,2.384185791015625e-07
930,1.049041748046875e-05,2.384185791015625e-07,0.0
931,1.049041748046875e-05,2.384185791015625e-07,2.384185791015625e-07
932,1.049041748046875e-05,2.384185791015625e-07,0.0
933,1.049041748046875e-05,0.0,2.384185791015625e-07
934,1.049041748046875e-05,2.384185791015625e-07,0.0
935,1.0728836059570312e-05,2.384185791015625e-07,2.384185791015625e-07
936,1.049041748046875e-05,0.0,2.384185791015625e-07
937,1.049041748046875e-05,2.384185791015625e-07,2.384185791015625e-07
938,1.049041748046875e-05,2.384185791015625e-07,0.0
939,1.1205673217773438e-05,2.384185791015625e-07,2.384185791015625e-07
940,1.049041748046875e-05,2.384185791015625e-07,2.384185791015625e-07
941,1.049041748046875e-05,2.384185791015625e-07,2.384185791015625e-07
942,1.0728836059570312e-05,2.384185791015625e-07,0.0
943,1.0728836059570312e-05,2.384185791015625e-07,2.384185791015625e-07
944,1.0728836059570312e-05,0.0,2.384185791015625e-07
945,1.0728836059570312e-05,2.384185791015625e-07,2.384185791015625e-07
946,1.0728836059570312e-05,2.384185791015625e-07,0.0
947,1.0728836059570312e-05,2.384185791015625e-07,0.0
948,1.0728836059570312e-05,0.0,2.384185791015625e-07
949,1.0728836059570312e-05,0.0,2.384185791015625e-07
950,1.0728836059570312e-05,2.384185791015625e-07,2.384185791015625e-07
951,1.0728836059570312e-05,2.384185791015625e-07,0.0
952,1.0967254638671875e-05,4.76837158203125e-07,2.384185791015625e-07
953,1.0967254638671875e-05,2.384185791015625e-07,2.384185791015625e-07
954,1.1205673217773438e-05,2.384185791015625e-07,2.384185791015625e-07
955,1.1682510375976562e-05,0.0,2.384185791015625e-07
956,1.0967254638671875e-05,2.384185791015625e-07,0.0
957,1.0728836059570312e-05,2.384185791015625e-07,2.384185791015625e-07
958,1.0728836059570312e-05,2.384185791015625e-07,2.384185791015625e-07
959,1.0967254638671875e-05,2.384185791015625e-07,0.0
960,1.0728836059570312e-05,2.384185791015625e-07,0.0
961,1.0728836059570312e-05,0.0,2.384185791015625e-07
962,1.0728836059570312e-05,2.384185791015625e-07,2.384185791015625e-07
963,1.1205673217773438e-05,0.0,2.384185791015625e-07
964,1.0728836059570312e-05,2.384185791015625e-07,2.384185791015625e-07
965,1.0728836059570312e-05,2.384185791015625e-07,2.384185791015625e-07
966,1.0967254638671875e-05,2.384185791015625e-07,0.0
967,1.4543533325195312e-05,4.76837158203125e-07,2.384185791015625e-07
968,1.2159347534179688e-05,0.0,2.384185791015625e-07
969,1.1920928955078125e-05,7.152557373046875e-07,2.384185791015625e-07
970,1.1205673217773438e-05,7.152557373046875e-07,0.0
971,1.0728836059570312e-05,2.384185791015625e-07,0.0
972,1.1444091796875e-05,2.384185791015625e-07,2.384185791015625e-07
973,1.1682510375976562e-05,2.384185791015625e-07,0.0
974,1.1920928955078125e-05,2.384185791015625e-07,2.384185791015625e-07
975,1.1205673217773438e-05,7.152557373046875e-07,2.384185791015625e-07
976,1.2636184692382812e-05,0.0,2.384185791015625e-07
977,1.1444091796875e-05,2.384185791015625e-07,2.384185791015625e-07
978,1.1682510375976562e-05,2.384185791015625e-07,2.384185791015625e-07
979,1.1682510375976562e-05,2.384185791015625e-07,2.384185791015625e-07
980,1.0967254638671875e-05,9.5367431640625e-07,2.384185791015625e-07
981,1.1444091796875e-05,2.384185791015625e-07,2.384185791015625e-07
982,1.0967254638671875e-05,2.384185791015625e-07,2.384185791015625e-07
983,1.0967254638671875e-05,4.76837158203125e-07,0.0
984,1.1682510375976562e-05,2.384185791015625e-07,2.384185791015625e-07
985,1.1205673217773438e-05,2.384185791015625e-07,1.9073486328125e-06
986,1.1920928955078125e-05,2.384185791015625e-07,2.384185791015625e-07
987,1.1444091796875e-05,2.384185791015625e-07,2.384185791015625e-07
988,1.1444091796875e-05,0.0,2.384185791015625e-07
989,1.1205673217773438e-05,2.384185791015625e-07,0.0
990,1.1444091796875e-05,9.5367431640625e-07,2.384185791015625e-07
991,1.1920928955078125e-05,2.384185791015625e-07,0.0
992,1.239776611328125e-05,2.384185791015625e-07,2.384185791015625e-07
993,1.2636184692382812e-05,2.384185791015625e-07,2.384185791015625e-07
994,1.1682510375976562e-05,2.384185791015625e-07,2.384185791015625e-07
995,1.1205673217773438e-05,2.384185791015625e-07,2.384185791015625e-07
996,1.1444091796875e-05,0.0,2.384185791015625e-07
997,1.0967254638671875e-05,2.384185791015625e-07,0.0
998,1.0728836059570312e-05,2.384185791015625e-07,0.0
999,1.0967254638671875e-05,2.384185791015625e-07,0.0
